-- phpMyAdmin SQL Dump
-- version 5.2.1
-- https://www.phpmyadmin.net/
--
-- Host: 127.0.0.1
-- Generation Time: Aug 03, 2025 at 02:15 PM
-- Server version: 10.4.32-MariaDB
-- PHP Version: 8.2.12

SET SQL_MODE = "NO_AUTO_VALUE_ON_ZERO";
START TRANSACTION;
SET time_zone = "+00:00";


/*!40101 SET @OLD_CHARACTER_SET_CLIENT=@@CHARACTER_SET_CLIENT */;
/*!40101 SET @OLD_CHARACTER_SET_RESULTS=@@CHARACTER_SET_RESULTS */;
/*!40101 SET @OLD_COLLATION_CONNECTION=@@COLLATION_CONNECTION */;
/*!40101 SET NAMES utf8mb4 */;

--
-- Database: `banktellersystem_db`
--

-- --------------------------------------------------------

--
-- Table structure for table `customers`
--

CREATE TABLE `customers` (
  `id` int(8) NOT NULL,
  `acc_name` varchar(255) NOT NULL
) ENGINE=InnoDB DEFAULT CHARSET=utf8mb4 COLLATE=utf8mb4_general_ci;

--
-- Dumping data for table `customers`
--

INSERT INTO `customers` (`id`, `acc_name`) VALUES
(10191829, 'Crystal Green'),
(10269093, 'Stephanie Johnson'),
(11712684, 'Walter Warren'),
(11945269, 'Donald Kelly'),
(11971836, 'Daniel Kane'),
(12085930, 'Gabriel Choi'),
(12232898, 'Brandon Bryant'),
(12433243, 'Michael Key'),
(12553409, 'David Smith'),
(12645110, 'Benjamin Patterson'),
(12863476, 'Louis Green'),
(13213338, 'Dr. Michelle Johnston DDS'),
(14062562, 'Marcus Russell'),
(14105061, 'Patrick Snyder'),
(14325427, 'Sara Jones'),
(14795878, 'Jesus Allison'),
(14919095, 'Linda Kirk'),
(14931582, 'Garrett Ray'),
(15136047, 'Margaret Ingram'),
(15399038, 'Jimmy Smith'),
(15742671, 'Kathy Freeman'),
(15779398, 'Michael Phillips'),
(15976321, 'Stacy Garcia'),
(16012265, 'Erik Byrd'),
(16686758, 'Paul Bell'),
(16973551, 'Mark Carpenter'),
(17013300, 'David Thomas'),
(17095602, 'Thomas Williams'),
(17112502, 'Elizabeth Velez'),
(17839875, 'Thomas Armstrong II'),
(17877030, 'James Diaz MD'),
(18519004, 'Devon Miller'),
(18703740, 'Stephanie Graham'),
(18804819, 'Jeff Lewis'),
(19127690, 'Stephen Alvarez'),
(19295349, 'Jeffrey Ramsey'),
(19513434, 'Nancy Rodgers'),
(19578464, 'Spencer Singh'),
(19606547, 'Joseph Bailey'),
(19649471, 'Jacob Hansen'),
(19744051, 'Karen Hudson'),
(20081886, 'Sharon Bryant'),
(20207695, 'Cynthia Ortiz'),
(20271782, 'Robert Swanson'),
(20377054, 'Brittany Moon'),
(20468071, 'Tony Alvarado'),
(20593868, 'Tiffany Ward'),
(20629493, 'Danielle Foster'),
(20833122, 'Sierra Nguyen'),
(21057720, 'Matthew Reynolds'),
(21509129, 'Dustin Martinez'),
(21754003, 'Cynthia Villa'),
(21850122, 'Stephanie Deleon'),
(22130233, 'Peter Sanchez'),
(22238846, 'Lori Moreno'),
(22541427, 'Jasmine Stone'),
(22847688, 'Danielle Owen'),
(23546187, 'Mr. Sean Newman'),
(23584876, 'Frank Ryan'),
(23665233, 'Nancy Bailey MD'),
(23780761, 'Michelle Terry'),
(23830980, 'Aaron Hicks'),
(24070518, 'Laura Robbins'),
(24124082, 'Sherry Fuentes'),
(24286843, 'Robert Williams'),
(24439561, 'Chase Hale'),
(24510894, 'April Bowen'),
(24818120, 'David Gonzales'),
(25191544, 'Jasmine Webb'),
(25322657, 'Jennifer Garrett'),
(25352389, 'Mrs. Jessica Wells'),
(25363881, 'Rebecca Mayo'),
(25937953, 'Timothy Roberts'),
(26150399, 'Cassandra Mccoy'),
(26232290, 'Jesus Mckinney'),
(26321283, 'Jo Howard'),
(26382885, 'Patricia Barnett'),
(26393395, 'Tony Roberts'),
(26446682, 'Megan Becker'),
(26537528, 'Gabriella Jacobson'),
(26902918, 'Jennifer Anderson'),
(26958168, 'Steve Randy'),
(27011560, 'Julie Mathews'),
(27380754, 'Dave Strickland Jr.'),
(27419832, 'Tonya Lee'),
(27921643, 'Keith Roach'),
(28344694, 'Megan Mendoza'),
(28488496, 'Carl Bishop'),
(28936623, 'Kayla Huber'),
(28965658, 'Meagan West'),
(28973064, 'Rebecca Torres'),
(29205325, 'Joseph Allen'),
(29289887, 'Zachary Mclaughlin'),
(29495540, 'Jessica Bell'),
(29554792, 'Krista Camacho'),
(29627015, 'Jeffery Pacheco'),
(29850978, 'Brian Guerrero'),
(30043797, 'Molly Odom'),
(30067509, 'Melissa Figueroa'),
(30246162, 'Dana Lucero'),
(30423981, 'Cynthia Richardson'),
(30594607, 'Dean Mcbride MD'),
(30700341, 'Christopher King'),
(30772495, 'Sydney Parker'),
(30814402, 'John Singh'),
(30846136, 'Jacqueline Bell'),
(31885405, 'Erik Montes'),
(32104714, 'Scott Waters'),
(32182134, 'Samantha Williams'),
(32186093, 'Amanda Kelley'),
(32498411, 'John Sanchez'),
(32571916, 'Anthony Lee'),
(32879310, 'Michelle Small'),
(32937597, 'Heather Griffin'),
(32964152, 'Aaron Rodriguez'),
(33297710, 'Andrew Simmons'),
(33333013, 'Kelly Davis'),
(33537705, 'Patrick James'),
(33563758, 'Mr. Miguel Liu'),
(33578755, 'Mariah Foley'),
(34348602, 'Connie Terrell'),
(34829394, 'Michael Booker'),
(34957239, 'Mr. Timothy Johnson'),
(35100322, 'Jackson Johnson'),
(35560416, 'Monica Murillo'),
(35591067, 'Christopher Middleton'),
(35729194, 'Vicki Long'),
(36157421, 'Jason Jackson'),
(36172731, 'David Cole'),
(36419790, 'Donald Castaneda'),
(36892263, 'Kevin Reese'),
(37013182, 'David Wagner'),
(37061962, 'William Sanders'),
(37085878, 'Mark Gray'),
(37279736, 'David Clark'),
(37550615, 'Sarah Friedman'),
(37686083, 'Brittany Hughes'),
(38801787, 'Michele Fields'),
(38823210, 'Jennifer Pearson'),
(38837547, 'Lori Hill'),
(39055863, 'Lynn Graves'),
(39255065, 'Joseph Reed'),
(39322474, 'Paula Mckee'),
(39749038, 'Robert Ruiz'),
(39793551, 'Alexander Palmer'),
(39999851, 'Blake Weber'),
(40001843, 'Jennifer Abbott'),
(40214850, 'Joshua Brooks'),
(40558377, 'Cody Ortiz'),
(40904769, 'Lindsey Hoffman'),
(40943529, 'Chelsey Walker'),
(41131942, 'Derrick Reed'),
(41165910, 'Diana Campbell'),
(41416767, 'Jason Ryan'),
(41430907, 'Tyler Lane'),
(41698504, 'Monique Davis'),
(41710949, 'Cody Henderson'),
(41724863, 'Karen Powell'),
(42267668, 'Gregg Grant'),
(42919529, 'Richard Cruz'),
(42979212, 'Bruce Johnson'),
(43249998, 'Guy Vega'),
(43275388, 'Julie Moon'),
(43381849, 'Lauren Kennedy'),
(43395283, 'Betty Bennett'),
(43572740, 'Karen Anderson'),
(43747162, 'Jennifer Fernandez'),
(44122095, 'Mrs. Sandra Thompson'),
(44125636, 'Sandra Harrell'),
(44417026, 'William Allen'),
(44441556, 'Kurt Reeves'),
(44441570, 'Kenneth Conrad'),
(44669003, 'Christopher Chen'),
(44695064, 'Andrew Thornton'),
(44967468, 'Meghan Boyd'),
(45176214, 'Jeffrey Collins'),
(45299381, 'Debra Brown'),
(45428035, 'Darren Mendez'),
(45511804, 'Mrs. Ruth Hansen'),
(45607561, 'Robert Estrada'),
(45741120, 'Michael Howe'),
(45891241, 'Omar Foster'),
(45912652, 'Abigail Chambers'),
(46103834, 'Claudia Garcia'),
(46480141, 'Julie Boyer'),
(46759281, 'Krystal Michael'),
(46939738, 'Stephanie Williams'),
(47077246, 'Stacy Santiago'),
(47319597, 'Jamie Rosales'),
(48041161, 'Todd Hicks'),
(48110738, 'Christine Miller'),
(48143946, 'Jay Paul'),
(48261345, 'Angelica Harris'),
(48298148, 'Susan Stafford'),
(48548574, 'Ashley Price'),
(48726350, 'Brittany Haney'),
(48844707, 'James Jimenez'),
(48864433, 'Jennifer Miller'),
(48888146, 'Alexander Cunningham'),
(48951617, 'Michelle Diaz'),
(49169916, 'Shelia Thompson'),
(49331514, 'Rachel Ramirez'),
(49444181, 'Robert Dennis'),
(49714533, 'Scott Cannon'),
(49733180, 'Alyssa Flores PhD'),
(50118740, 'Christine Mejia'),
(50153127, 'Charlene Williams'),
(50415423, 'Kayla Montgomery'),
(50543842, 'Sierra Bradley'),
(50780670, 'Julie Scott'),
(50804599, 'Henry Ortiz'),
(50942104, 'David Green'),
(51074740, 'Toni Moore'),
(51308133, 'Aaron Carroll'),
(51580724, 'Catherine Stuart'),
(51660464, 'Ryan Jackson'),
(51812780, 'Anita Gordon'),
(51828042, 'Tyler Jenkins'),
(51844931, 'William Huber'),
(52011334, 'Steven Flores'),
(52278272, 'Scott Silva'),
(52294472, 'Timothy Lambert'),
(52479245, 'Brian Cox'),
(52480342, 'Matthew Brown'),
(52616475, 'Angela Luna'),
(52703399, 'Christopher Klein'),
(52788232, 'Dana Bates'),
(52991247, 'Valerie Hines'),
(53528959, 'Anthony Roman'),
(53529083, 'Jake Simmons'),
(53535791, 'Samantha May'),
(54870106, 'Jason Marsh'),
(54914464, 'Megan Carpenter'),
(54932161, 'Rebecca Villanueva'),
(55506707, 'Phyllis Hall'),
(55725864, 'Mark Santana'),
(56016491, 'Joseph Villa'),
(56146597, 'Valerie Lozano'),
(56298155, 'Kevin Rogers'),
(56462446, 'Margaret Everett'),
(56777424, 'Jose Hutchinson'),
(57138385, 'Melissa Thomas'),
(57352619, 'Nicholas Edwards'),
(58201060, 'Anita Ramirez'),
(58549869, 'Sarah Beltran'),
(58874677, 'Krystal Thompson'),
(58925056, 'Jennifer Mora'),
(59052663, 'Joshua Williams'),
(59125171, 'Alicia Velasquez'),
(59169511, 'Sean Ochoa'),
(59272125, 'Zachary Cook'),
(59533778, 'Keith Marshall'),
(59759238, 'Catherine Wheeler'),
(59773301, 'Alison Reeves'),
(59843382, 'Elizabeth Dillon'),
(59949328, 'Elizabeth Patel'),
(60003558, 'Aaron Garcia'),
(60012176, 'Tina Bowman'),
(60042636, 'Michael Holland'),
(60060965, 'Benjamin Cross'),
(60476464, 'Thomas Francis'),
(60714627, 'Robert Cardenas'),
(60732902, 'Bonnie Mccoy'),
(60753525, 'William Norman'),
(60770433, 'Thomas Howard'),
(60845693, 'Joshua Ellis'),
(60989913, 'Ryan Wilson'),
(61076626, 'Corey York'),
(61478500, 'Lacey Gordon'),
(61513864, 'Lisa Watson'),
(61727097, 'Emily Barry'),
(62019837, 'Joshua Knapp'),
(62242001, 'Michael Villarreal'),
(62652738, 'Abigail Terry'),
(62656694, 'Karen White'),
(62861320, 'Christopher Christian'),
(62958736, 'Natalie Turner'),
(63034492, 'David Hernandez Jr.'),
(63214264, 'Sue Graham'),
(63244157, 'Sara Stewart'),
(63247875, 'Jacob Pittman'),
(63311335, 'Daniel Arnold'),
(63461135, 'Brittany Walker'),
(63568651, 'Tara Soto'),
(63943772, 'Nicole Conner'),
(64044498, 'Joshua Montgomery'),
(64085098, 'Ricky Fisher'),
(64242465, 'Helen Small'),
(64478940, 'Caroline Hardy'),
(64697604, 'James Riley'),
(64729346, 'Ryan Coleman MD'),
(65131615, 'Janet Gonzales'),
(65216422, 'Randy Estrada'),
(65378527, 'Lisa Scott'),
(65384932, 'Amy Harper'),
(65391656, 'Kaitlin Lewis'),
(65412161, 'Juan Hall'),
(65513554, 'Heather Newman'),
(65587869, 'Mia Robles'),
(65740455, 'Michael Gordon DVM'),
(65812286, 'Joseph Smith'),
(66079465, 'John Rodriguez'),
(66192931, 'Dr. Wendy Rivera'),
(66298051, 'Hannah Welch'),
(66458712, 'Mr. Gregory Jones'),
(66651166, 'Marvin Salinas'),
(66690916, 'Patricia Peterson'),
(66730029, 'Sarah Orr'),
(66732749, 'Victoria Houston'),
(66944698, 'Joseph Anderson'),
(66984345, 'Paul Williams'),
(67152725, 'Holly Reynolds'),
(67556672, 'Angela Duarte'),
(67647352, 'Jordan Gibson'),
(67985749, 'Jessica Hayes'),
(68337104, 'Ricardo Brock'),
(68698302, 'Michael Mitchell'),
(68995093, 'Jesse Johnson'),
(69022382, 'Mary Griffith'),
(69577337, 'Brandon Powell'),
(69603534, 'William Anderson'),
(70110339, 'Lisa Miller'),
(70575205, 'Michael Webster'),
(70593511, 'Vincent Reese'),
(70747124, 'Roberta Sullivan'),
(71126015, 'Nathan Norman'),
(71287776, 'Louis Gardner'),
(71325451, 'Michael Miles'),
(71482599, 'Jamie Taylor'),
(71524945, 'Derek Hart'),
(71707617, 'Dawn Blackburn'),
(71719336, 'Matthew Peterson'),
(71875237, 'Kevin Acevedo'),
(72098886, 'Christopher Williams'),
(72178051, 'Luke Marquez'),
(72472868, 'Michael Quinn'),
(72494118, 'Lindsay Parker'),
(72532341, 'Colleen Norton'),
(72875793, 'Laura Brown'),
(73045187, 'Jason Brewer'),
(73232130, 'Sandy Juarez'),
(73487719, 'Jennifer Davis'),
(73610430, 'Natasha Bell'),
(73789326, 'Joanna Schneider'),
(73874290, 'Michael Kim'),
(73931435, 'Mary Mitchell'),
(74143336, 'David Daniel'),
(74322539, 'Karen Mueller'),
(74619995, 'Billy Massey'),
(74817942, 'Lindsay Cook'),
(74856408, 'James Smith'),
(74864927, 'Laura Warner'),
(75037705, 'Mackenzie Mccall'),
(75230445, 'Mr. Nathan Nguyen'),
(75363952, 'Sandra Chapman'),
(75633717, 'Barbara Gonzalez'),
(75803490, 'Joanne Jackson'),
(75887121, 'Alyssa Callahan'),
(76256075, 'Jillian Obrien'),
(76463964, 'Audrey Smith'),
(76523089, 'Lauren Hanson PhD'),
(76612037, 'Russell Dominguez'),
(76677438, 'Melissa Nelson'),
(77135803, 'Jennifer Estrada'),
(77322214, 'Amanda Miller'),
(77401140, 'Michael Moreno'),
(77738273, 'Jason Webb'),
(77776516, 'Alexandra Scott'),
(78452724, 'Phillip Brown'),
(78690608, 'Teresa Gould'),
(78948481, 'Heidi Bradshaw'),
(79025666, 'Michael Ortega'),
(79091708, 'David Wood'),
(79123911, 'Logan Soto'),
(79372393, 'Troy Carter'),
(79754171, 'Anthony Chung'),
(79789109, 'Elijah Kelly'),
(79881743, 'Alicia White'),
(79885899, 'Brenda Lang'),
(79928886, 'Corey Blackwell'),
(79944706, 'Darryl Vega'),
(80066365, 'Mary Davis'),
(80072548, 'Sarah Williams'),
(80590950, 'Robert Goodman'),
(80938656, 'Nicole Schneider'),
(80953082, 'Amber Thomas'),
(81036491, 'Laura Smith'),
(81056316, 'Isabel Sampson'),
(81057100, 'Laura Perry'),
(81364658, 'William Maxwell'),
(81491665, 'Elizabeth Anderson'),
(81611732, 'Kayla Clay'),
(81964109, 'Angela Andrade'),
(82155521, 'Brian Steele'),
(82343793, 'Leah Baldwin'),
(82863064, 'Leah Richardson'),
(83303576, 'Tammy Lambert'),
(83560202, 'Crystal Conway'),
(83590640, 'Blake Hodges'),
(83623410, 'Heather Frazier'),
(83670346, 'Joanna Klein'),
(83794018, 'Elizabeth Flores'),
(84075777, 'Lori White'),
(84165646, 'Tiffany Porter'),
(84428053, 'Timothy Odonnell'),
(84505186, 'Thomas Miller'),
(84622754, 'Christopher Carr'),
(84821420, 'Amanda Maldonado'),
(84830900, 'Mr. Jacob Gregory'),
(84928856, 'Joshua Holmes'),
(84966504, 'Dr. Keith Coffey'),
(85014045, 'Jessica Rogers'),
(85323536, 'Harold Harmon'),
(85575348, 'Charles Robles'),
(85658758, 'Donna Martin'),
(85763727, 'Lisa Martinez'),
(85963628, 'Derrick Baker'),
(86006921, 'Angela Moore'),
(86092454, 'Danny Horn'),
(86176540, 'James Evans'),
(86333082, 'Jason Morris'),
(86430152, 'Linda Ray'),
(86472874, 'Brian Jackson'),
(86501213, 'Jerome Phillips'),
(86603082, 'Joseph Willis'),
(86908966, 'Robert Proctor'),
(87198778, 'Richard Hill'),
(87212793, 'Mathew Rogers'),
(87717810, 'Nicholas Wright'),
(87883844, 'Andrea Patel'),
(88595524, 'Terry Kirk'),
(88604931, 'Nicole Barrett'),
(88666288, 'Annette Peterson'),
(88700194, 'David Anderson'),
(88968790, 'John Lopez'),
(88993409, 'Reginald Johnson'),
(89446655, 'Pamela Olson'),
(89459132, 'Todd Terry'),
(89487352, 'Nicholas Taylor'),
(89522526, 'Mary Wells'),
(89724874, 'Melanie Smith'),
(89754994, 'Stacey Mccarty'),
(90398317, 'William White'),
(90682835, 'Jeffrey Cunningham'),
(90721086, 'Breanna Medina'),
(90780661, 'Debbie White'),
(90910489, 'Dennis Castaneda'),
(91079900, 'Rachel Valencia'),
(91339355, 'Melissa Powell'),
(91356674, 'Maria Wilson'),
(91569478, 'Jeffrey Lopez'),
(91903518, 'Tracy Clarke'),
(92132490, 'April Foster'),
(92141261, 'Jasmine Alexander'),
(92260858, 'Angela Sherman'),
(92555602, 'Christopher Jackson'),
(92561103, 'Stephanie Henderson'),
(92736507, 'James Rodriguez'),
(92812048, 'Christina Lawrence'),
(92874009, 'Randy Osborne'),
(92946717, 'Elizabeth Martin'),
(93432914, 'Kendra Page'),
(93570536, 'Melissa Riggs'),
(93932756, 'Daniel Brooks'),
(94151920, 'Deanna Miller'),
(94602837, 'Erin Scott'),
(95000240, 'Natasha Lopez'),
(95039468, 'Gabriel Brown'),
(95075533, 'Jamie Sheppard'),
(95078397, 'Monique Coffey'),
(95132318, 'Bridget Brown'),
(95194024, 'Denise Roberts'),
(96016317, 'Tammy Huynh'),
(96115128, 'Monica Moore'),
(96162138, 'Frank Moore'),
(96325021, 'Dillon Parker'),
(96349693, 'Richard Evans'),
(96472180, 'Tamara Mitchell'),
(96710854, 'James Becker'),
(96866940, 'Robert Buchanan'),
(96893223, 'Brian Cherry'),
(97073634, 'Debra Hunt'),
(97092092, 'Linda Martinez'),
(97334144, 'Kristen Williams'),
(97343831, 'Alexander Meyers'),
(97448456, 'Daniel Stephens'),
(98162333, 'Jeffrey Cox'),
(98233929, 'Caitlyn Robertson'),
(98238256, 'Dustin Taylor'),
(98281372, 'Melissa Brooks'),
(98356322, 'John Nash'),
(98363258, 'Monica White'),
(98383515, 'Nathaniel Ray'),
(98451108, 'Gary Butler'),
(98505849, 'Christopher Burton'),
(98884414, 'Gina Weaver'),
(99062430, 'Candice Mcpherson'),
(99080637, 'Jessica Hall'),
(99706940, 'Ryan Harris'),
(99832785, 'Donald Lyons');

-- --------------------------------------------------------

--
-- Table structure for table `services`
--

CREATE TABLE `services` (
  `id` int(11) NOT NULL,
  `name` varchar(255) NOT NULL,
  `priority` enum('Low','Medium','High','Critical') NOT NULL,
  `average_time` time NOT NULL
) ENGINE=InnoDB DEFAULT CHARSET=utf8mb4 COLLATE=utf8mb4_general_ci;

--
-- Dumping data for table `services`
--

INSERT INTO `services` (`id`, `name`, `priority`, `average_time`) VALUES
(1, 'Deposit', 'Medium', '00:05:00'),
(2, 'Withdrawal', 'Medium', '00:05:00'),
(3, 'Loan Inquiry', 'High', '00:15:00'),
(4, 'Account Opening', 'Critical', '00:25:00'),
(5, 'Bills Payment', 'Low', '00:04:00');

-- --------------------------------------------------------

--
-- Table structure for table `tellers`
--

CREATE TABLE `tellers` (
  `id` int(11) NOT NULL,
  `service_id` int(11) DEFAULT NULL,
  `first_name` varchar(255) NOT NULL,
  `last_name` varchar(255) NOT NULL
) ENGINE=InnoDB DEFAULT CHARSET=utf8mb4 COLLATE=utf8mb4_general_ci;

--
-- Dumping data for table `tellers`
--

INSERT INTO `tellers` (`id`, `service_id`, `first_name`, `last_name`) VALUES
(1, 1, 'Rysa', 'Abadier'),
(2, 5, 'Evana Isabella', 'Bronilla'),
(3, 2, 'Mariah Judea', 'Julian'),
(4, 3, 'Isabella Mikaella', 'Llave'),
(5, 4, 'Noah', 'Peñaranda');

-- --------------------------------------------------------

--
-- Table structure for table `transactions`
--

CREATE TABLE `transactions` (
  `id` int(11) NOT NULL,
  `customer_id` int(8) NOT NULL,
  `teller_id` int(11) DEFAULT NULL,
  `service_id` int(11) DEFAULT NULL,
  `queue_no` int(11) NOT NULL,
  `name` varchar(255) NOT NULL,
  `status` enum('Queued','Completed','Active','Reassigned','Skipped') NOT NULL DEFAULT 'Queued',
  `emergency` enum('Yes','No') NOT NULL DEFAULT 'No',
  `transaction_date` datetime NOT NULL DEFAULT current_timestamp(),
  `start_time` time DEFAULT NULL,
  `end_time` time DEFAULT NULL
) ENGINE=InnoDB DEFAULT CHARSET=utf8 COLLATE=utf8_general_ci;

--
-- Dumping data for table `transactions`
--

INSERT INTO `transactions` (`id`, `customer_id`, `teller_id`, `service_id`, `queue_no`, `name`, `status`, `emergency`, `transaction_date`, `start_time`, `end_time`) VALUES
(1, 30594607, 3, 2, 1, 'Emily Lucero DDS', 'Completed', 'Yes', '2025-07-01 08:00:23', '08:05:23', '08:30:23'),
(2, 22130233, 3, 2, 2, 'Clinton Malone', 'Completed', 'No', '2025-07-01 08:25:39', '08:35:39', '08:37:39'),
(3, 25363881, 5, 4, 3, 'Gina Thompson', 'Completed', 'No', '2025-07-01 08:46:42', '08:51:42', '08:59:42'),
(4, 30246162, 1, 1, 4, 'Rachel Smith', 'Completed', 'Yes', '2025-07-01 08:56:18', '08:58:18', '09:03:18'),
(5, 10191829, 4, 3, 5, 'Maria Roberts', 'Completed', 'Yes', '2025-07-01 09:08:23', '09:17:23', '09:30:23'),
(6, 21850122, 4, 3, 6, 'Ian Gates', 'Completed', 'No', '2025-07-01 09:52:48', '09:53:48', '09:59:48'),
(7, 26902918, 1, 1, 7, 'Dr. Aaron Baker', 'Completed', 'No', '2025-07-01 10:09:06', '10:13:06', '10:37:06'),
(8, 32937597, 2, 5, 8, 'Nicholas Welch', 'Completed', 'Yes', '2025-07-01 10:15:24', '10:19:24', '10:33:24'),
(9, 26446682, 5, 4, 9, 'Amy Cunningham', 'Completed', 'Yes', '2025-07-01 10:34:20', '10:35:20', '11:00:20'),
(10, 11971836, 2, 5, 10, 'Bryan Stevens', 'Completed', 'Yes', '2025-07-01 10:39:33', '10:46:33', '10:54:33'),
(11, 22847688, 2, 5, 11, 'Hailey Mack', 'Completed', 'Yes', '2025-07-01 10:55:04', '10:56:04', '11:14:04'),
(12, 12085930, 5, 4, 12, 'Samuel Jones', 'Completed', 'No', '2025-07-01 11:01:12', '11:02:12', '11:09:12'),
(13, 14105061, 2, 5, 13, 'Christopher Steele', 'Completed', 'No', '2025-07-01 11:03:10', '11:05:10', '11:33:10'),
(14, 26150399, 2, 5, 14, 'Mrs. Jasmine Collins', 'Completed', 'No', '2025-07-01 11:03:52', '11:05:52', '11:09:52'),
(15, 12863476, 4, 3, 15, 'Jonathan Rogers II', 'Completed', 'Yes', '2025-07-01 11:19:18', '11:24:18', '11:27:18'),
(16, 15779398, 5, 4, 16, 'Ellen Moore', 'Completed', 'Yes', '2025-07-01 11:22:42', '11:31:42', '11:39:42'),
(17, 26232290, 1, 1, 17, 'Cassandra Ford', 'Completed', 'No', '2025-07-01 11:54:41', '12:03:41', '12:06:41'),
(18, 12553409, 5, 4, 18, 'Edward Allen', 'Completed', 'No', '2025-07-01 11:55:24', '12:05:24', '12:18:24'),
(19, 30700341, 4, 3, 19, 'Jason Garner Jr.', 'Completed', 'Yes', '2025-07-01 12:06:44', '12:12:44', '12:15:44'),
(20, 20271782, 3, 2, 20, 'Andrea Mccullough', 'Completed', 'Yes', '2025-07-01 12:09:33', '12:10:33', '12:23:33'),
(21, 22130233, 5, 4, 21, 'Casey Orozco', 'Completed', 'Yes', '2025-07-01 12:18:36', '12:20:36', '12:28:36'),
(22, 30043797, 4, 3, 22, 'Teresa May', 'Completed', 'No', '2025-07-01 12:19:44', '12:20:44', '12:24:44'),
(23, 21509129, 3, 2, 23, 'Shaun Barnes', 'Completed', 'Yes', '2025-07-01 12:28:03', '12:29:03', '12:36:03'),
(24, 26232290, 3, 2, 24, 'Brianna Miranda', 'Completed', 'No', '2025-07-01 12:53:45', '13:03:45', '13:10:45'),
(25, 28488496, 4, 3, 25, 'Bill Turner', 'Completed', 'Yes', '2025-07-01 13:03:25', '13:09:25', '13:14:25'),
(26, 25191544, 3, 2, 26, 'David Hall', 'Completed', 'No', '2025-07-01 13:05:01', '13:09:01', '13:13:01'),
(27, 14325427, 1, 1, 27, 'Sarah Calderon', 'Completed', 'Yes', '2025-07-01 13:21:09', '13:27:09', '13:31:09'),
(28, 21754003, 2, 5, 28, 'Robert Hansen', 'Completed', 'No', '2025-07-01 13:28:38', '13:36:38', '13:50:38'),
(29, 28973064, 3, 2, 29, 'Karen Doyle', 'Completed', 'No', '2025-07-01 13:58:58', '13:59:58', '14:06:58'),
(30, 27921643, 2, 5, 30, 'James Cole', 'Completed', 'Yes', '2025-07-01 14:05:45', '14:07:45', '14:10:45'),
(31, 30067509, 4, 3, 31, 'Tracy Velazquez', 'Completed', 'No', '2025-07-01 14:14:03', '14:16:03', '14:21:03'),
(32, 12645110, 3, 2, 32, 'Jonathan Smith', 'Completed', 'No', '2025-07-01 14:40:17', '14:45:17', '14:50:17'),
(33, 20207695, 3, 2, 33, 'Megan Sanchez', 'Completed', 'Yes', '2025-07-01 14:41:01', '14:43:01', '14:51:01'),
(34, 30423981, 5, 4, 34, 'George Gutierrez', 'Completed', 'Yes', '2025-07-01 14:49:14', '14:56:14', '15:00:14'),
(35, 30846136, 5, 4, 35, 'Molly Knapp', 'Completed', 'Yes', '2025-07-01 15:30:32', '15:36:32', '15:51:32'),
(36, 17839875, 3, 2, 36, 'Omar Poole', 'Completed', 'No', '2025-07-01 15:40:27', '15:48:27', '15:56:27'),
(37, 20207695, 1, 1, 37, 'Joy Moore', 'Completed', 'No', '2025-07-01 16:15:07', '16:19:07', '16:24:07'),
(38, 30700341, 5, 4, 38, 'Carrie Carrillo', 'Completed', 'Yes', '2025-07-01 16:33:14', '16:40:14', '16:46:14'),
(39, 14325427, 1, 1, 39, 'Ryan Miller', 'Completed', 'No', '2025-07-01 16:53:37', '16:58:37', '17:04:37'),
(40, 32182134, 5, 4, 40, 'Stephanie Johns', 'Completed', 'No', '2025-07-01 16:58:44', '17:02:44', '17:17:44'),
(41, 25322657, 3, 2, 1, 'Tony Franklin', 'Completed', 'No', '2025-07-02 08:03:20', '08:05:20', '08:08:20'),
(42, 19744051, 1, 1, 2, 'Sara Scott', 'Completed', 'No', '2025-07-02 08:15:10', '08:17:10', '08:24:10'),
(43, 25352389, 5, 4, 3, 'Julia Trevino', 'Completed', 'No', '2025-07-02 08:23:49', '08:29:49', '08:53:49'),
(44, 17877030, 5, 4, 4, 'Scott Freeman', 'Completed', 'Yes', '2025-07-02 08:28:46', '08:32:46', '08:37:46'),
(45, 24286843, 5, 4, 5, 'Philip Weaver', 'Completed', 'Yes', '2025-07-02 08:35:08', '08:40:08', '08:47:08'),
(46, 26232290, 2, 5, 6, 'Anita Peterson', 'Completed', 'Yes', '2025-07-02 08:48:44', '08:52:44', '09:08:44'),
(47, 14105061, 1, 1, 7, 'Bethany Sexton', 'Completed', 'Yes', '2025-07-02 09:03:05', '09:06:05', '09:10:05'),
(48, 27419832, 5, 4, 8, 'Travis Freeman', 'Completed', 'No', '2025-07-02 09:13:29', '09:18:29', '09:21:29'),
(49, 30246162, 1, 1, 9, 'Martha Schmitt', 'Completed', 'No', '2025-07-02 09:14:59', '09:18:59', '09:35:59'),
(50, 26382885, 4, 3, 10, 'Denise Gonzales', 'Completed', 'No', '2025-07-02 09:21:09', '09:31:09', '09:33:09'),
(51, 16973551, 2, 5, 11, 'Kari Reynolds', 'Completed', 'Yes', '2025-07-02 09:27:07', '09:33:07', '09:56:07'),
(52, 14105061, 5, 4, 12, 'Stephen Fernandez', 'Completed', 'No', '2025-07-02 09:27:47', '09:34:47', '09:42:47'),
(53, 18804819, 5, 4, 13, 'Joshua Carter', 'Completed', 'Yes', '2025-07-02 09:40:14', '09:44:14', '10:00:14'),
(54, 14105061, 3, 2, 14, 'Jacob Stewart', 'Completed', 'No', '2025-07-02 09:42:07', '09:52:07', '09:56:07'),
(55, 24124082, 2, 5, 15, 'Elizabeth Brown', 'Completed', 'No', '2025-07-02 10:01:38', '10:06:38', '10:34:38'),
(56, 24439561, 3, 2, 16, 'Scott Gardner', 'Completed', 'Yes', '2025-07-02 10:21:29', '10:28:29', '10:35:29'),
(57, 29554792, 1, 1, 17, 'John Coleman', 'Completed', 'No', '2025-07-02 10:47:19', '10:49:19', '11:07:19'),
(58, 15779398, 1, 1, 18, 'Heather Baker DDS', 'Completed', 'No', '2025-07-02 11:10:08', '11:13:08', '11:19:08'),
(59, 15779398, 3, 2, 19, 'Jonathan Jimenez', 'Completed', 'No', '2025-07-02 11:28:31', '11:32:31', '11:35:31'),
(60, 32964152, 3, 2, 20, 'Jason Hart', 'Completed', 'Yes', '2025-07-02 11:30:21', '11:31:21', '11:36:21'),
(61, 28344694, 1, 1, 21, 'Anna Johnson', 'Completed', 'Yes', '2025-07-02 11:37:33', '11:38:33', '12:06:33'),
(62, 29554792, 4, 3, 22, 'Linda Phillips', 'Completed', 'No', '2025-07-02 11:41:26', '11:50:26', '11:56:26'),
(63, 20081886, 2, 5, 23, 'Christopher Duran', 'Completed', 'Yes', '2025-07-02 11:56:46', '12:04:46', '12:28:46'),
(64, 32104714, 4, 3, 24, 'Patrick Simpson', 'Completed', 'No', '2025-07-02 12:00:03', '12:06:03', '12:08:03'),
(65, 29554792, 5, 4, 25, 'Christopher Vasquez', 'Completed', 'Yes', '2025-07-02 12:36:25', '12:45:25', '13:01:25'),
(66, 27419832, 4, 3, 26, 'Nicole Hamilton', 'Completed', 'Yes', '2025-07-02 12:36:47', '12:45:47', '12:48:47'),
(67, 18519004, 1, 1, 27, 'Samantha Ramirez', 'Completed', 'No', '2025-07-02 12:45:09', '12:47:09', '13:10:09'),
(68, 29554792, 3, 2, 28, 'David Pitts', 'Completed', 'Yes', '2025-07-02 12:52:06', '12:58:06', '13:24:06'),
(69, 26902918, 3, 2, 29, 'James Leblanc', 'Completed', 'Yes', '2025-07-02 13:02:31', '13:09:31', '13:22:31'),
(70, 29205325, 4, 3, 30, 'Tracey Anderson', 'Completed', 'Yes', '2025-07-02 13:04:07', '13:14:07', '13:28:07'),
(71, 30700341, 2, 5, 31, 'Brandon Hernandez', 'Completed', 'No', '2025-07-02 13:09:44', '13:19:44', '13:25:44'),
(72, 22847688, 3, 2, 32, 'Brian Brooks', 'Completed', 'No', '2025-07-02 13:10:11', '13:17:11', '13:25:11'),
(73, 32186093, 4, 3, 33, 'Jeffery Gonzalez', 'Completed', 'No', '2025-07-02 13:16:44', '13:22:44', '13:25:44'),
(74, 29850978, 4, 3, 34, 'Daniel Williams', 'Completed', 'No', '2025-07-02 13:37:51', '13:40:51', '13:46:51'),
(75, 29495540, 3, 2, 35, 'Jose Benitez', 'Completed', 'No', '2025-07-02 13:41:02', '13:46:02', '13:59:02'),
(76, 33297710, 4, 3, 36, 'Jesus Spencer', 'Completed', 'Yes', '2025-07-02 13:43:24', '13:47:24', '14:03:24'),
(77, 23665233, 2, 5, 37, 'Joshua Anderson', 'Completed', 'Yes', '2025-07-02 13:44:51', '13:51:51', '13:55:51'),
(78, 17839875, 2, 5, 38, 'Kristen Jackson', 'Completed', 'No', '2025-07-02 14:08:09', '14:09:09', '14:37:09'),
(79, 15976321, 3, 2, 39, 'Jessica Brown', 'Completed', 'Yes', '2025-07-02 14:35:57', '14:37:57', '14:43:57'),
(80, 12645110, 3, 2, 40, 'Dr. Victor Moore', 'Completed', 'Yes', '2025-07-02 14:40:58', '14:45:58', '15:00:58'),
(81, 25191544, 4, 3, 41, 'Donna Forbes', 'Completed', 'Yes', '2025-07-02 14:57:23', '15:04:23', '15:32:23'),
(82, 19127690, 4, 3, 42, 'John Randall', 'Completed', 'Yes', '2025-07-02 15:00:25', '15:01:25', '15:09:25'),
(83, 28488496, 3, 2, 43, 'Vicki Kirk', 'Completed', 'No', '2025-07-02 15:03:24', '15:07:24', '15:24:24'),
(84, 26393395, 5, 4, 44, 'Derek Hicks', 'Completed', 'No', '2025-07-02 15:29:30', '15:31:30', '15:36:30'),
(85, 24070518, 3, 2, 45, 'Angela Morse', 'Completed', 'Yes', '2025-07-02 16:08:00', '16:16:00', '16:20:00'),
(86, 17877030, 2, 5, 46, 'Susan Torres', 'Completed', 'No', '2025-07-02 16:08:19', '16:09:19', '16:14:19'),
(87, 20593868, 5, 4, 47, 'Mark Ellis', 'Completed', 'No', '2025-07-02 16:43:18', '16:44:18', '16:48:18'),
(88, 10269093, 4, 3, 48, 'Margaret Gutierrez', 'Completed', 'Yes', '2025-07-02 16:46:45', '16:56:45', '17:02:45'),
(89, 29850978, 1, 1, 1, 'Holly Steele', 'Completed', 'Yes', '2025-07-03 08:10:50', '08:20:50', '08:23:50'),
(90, 30423981, 3, 2, 2, 'Samantha Scott', 'Completed', 'No', '2025-07-03 08:12:17', '08:13:17', '08:20:17'),
(91, 26232290, 3, 2, 3, 'April Knapp', 'Completed', 'No', '2025-07-03 08:31:52', '08:40:52', '08:55:52'),
(92, 13213338, 5, 4, 4, 'Nancy Smith', 'Completed', 'Yes', '2025-07-03 08:36:34', '08:46:34', '08:54:34'),
(93, 30846136, 1, 1, 5, 'Tammy Davis', 'Completed', 'No', '2025-07-03 08:37:08', '08:38:08', '08:43:08'),
(94, 30246162, 3, 2, 6, 'Kevin Clark', 'Completed', 'Yes', '2025-07-03 09:06:26', '09:13:26', '09:31:26'),
(95, 16686758, 3, 2, 7, 'Victoria Richardson', 'Completed', 'No', '2025-07-03 09:41:20', '09:49:20', '10:04:20'),
(96, 33297710, 1, 1, 8, 'Aaron Harrington', 'Completed', 'No', '2025-07-03 10:05:23', '10:11:23', '10:29:23'),
(97, 21509129, 1, 1, 9, 'Johnny Garrett', 'Completed', 'No', '2025-07-03 10:07:06', '10:12:06', '10:20:06'),
(98, 14919095, 4, 3, 10, 'Christopher Black', 'Completed', 'No', '2025-07-03 10:09:59', '10:10:59', '10:16:59'),
(99, 30043797, 3, 2, 11, 'Justin Williams', 'Completed', 'No', '2025-07-03 10:32:54', '10:34:54', '10:40:54'),
(100, 10191829, 5, 4, 12, 'Tina White', 'Completed', 'Yes', '2025-07-03 10:47:31', '10:55:31', '11:01:31'),
(101, 29850978, 3, 2, 13, 'Barry Ramirez', 'Completed', 'No', '2025-07-03 10:54:31', '10:58:31', '11:12:31'),
(102, 15136047, 1, 1, 14, 'Laura Bray', 'Completed', 'No', '2025-07-03 11:03:10', '11:10:10', '11:24:10'),
(103, 24124082, 5, 4, 15, 'Jamie Phillips', 'Completed', 'Yes', '2025-07-03 11:04:13', '11:07:13', '11:09:13'),
(104, 18519004, 1, 1, 16, 'Nicholas Wilson', 'Completed', 'Yes', '2025-07-03 11:04:16', '11:06:16', '11:09:16'),
(105, 28344694, 2, 5, 17, 'Marisa King', 'Completed', 'No', '2025-07-03 11:21:06', '11:28:06', '11:46:06'),
(106, 24124082, 3, 2, 18, 'Leah Alexander', 'Completed', 'Yes', '2025-07-03 11:27:18', '11:36:18', '11:54:18'),
(107, 30246162, 1, 1, 19, 'Benjamin Nguyen', 'Completed', 'No', '2025-07-03 11:36:52', '11:40:52', '11:48:52'),
(108, 14105061, 1, 1, 20, 'Emily Edwards', 'Completed', 'Yes', '2025-07-03 11:54:29', '12:01:29', '12:05:29'),
(109, 11971836, 5, 4, 21, 'Terri Long', 'Completed', 'Yes', '2025-07-03 12:15:33', '12:20:33', '12:23:33'),
(110, 12645110, 5, 4, 22, 'Travis Casey', 'Completed', 'No', '2025-07-03 12:22:48', '12:24:48', '12:30:48'),
(111, 25322657, 1, 1, 23, 'Caleb Ware', 'Completed', 'Yes', '2025-07-03 12:45:42', '12:51:42', '13:16:42'),
(112, 19649471, 2, 5, 24, 'Charles Rice', 'Completed', 'No', '2025-07-03 13:05:45', '13:12:45', '13:19:45'),
(113, 12645110, 5, 4, 25, 'James Brooks', 'Completed', 'No', '2025-07-03 13:07:04', '13:14:04', '13:18:04'),
(114, 20629493, 3, 2, 26, 'Meredith Martinez', 'Completed', 'No', '2025-07-03 13:15:17', '13:23:17', '13:48:17'),
(115, 29205325, 4, 3, 27, 'Christopher Ford', 'Completed', 'Yes', '2025-07-03 13:31:27', '13:36:27', '13:49:27'),
(116, 12553409, 1, 1, 28, 'Katelyn Knox', 'Completed', 'Yes', '2025-07-03 13:38:11', '13:47:11', '13:53:11'),
(117, 15399038, 3, 2, 29, 'Jane Jones', 'Completed', 'No', '2025-07-03 13:59:56', '14:06:56', '14:14:56'),
(118, 21754003, 3, 2, 30, 'Susan Sandoval', 'Completed', 'No', '2025-07-03 14:12:08', '14:17:08', '14:33:08'),
(119, 29205325, 1, 1, 31, 'James Hamilton', 'Completed', 'No', '2025-07-03 14:19:03', '14:22:03', '14:24:03'),
(120, 32182134, 5, 4, 32, 'Debra Reyes', 'Completed', 'No', '2025-07-03 14:19:27', '14:21:27', '14:45:27'),
(121, 12645110, 4, 3, 33, 'Charles Brady', 'Completed', 'Yes', '2025-07-03 14:26:08', '14:28:08', '14:30:08'),
(122, 29850978, 4, 3, 34, 'Kevin Davis', 'Completed', 'No', '2025-07-03 14:45:47', '14:52:47', '14:55:47'),
(123, 26393395, 3, 2, 35, 'Joshua Garcia', 'Completed', 'No', '2025-07-03 14:47:06', '14:52:06', '14:58:06'),
(124, 20207695, 5, 4, 36, 'Trevor Brown', 'Completed', 'Yes', '2025-07-03 15:39:15', '15:42:15', '15:48:15'),
(125, 26446682, 3, 2, 37, 'Benjamin Lee', 'Completed', 'Yes', '2025-07-03 15:54:52', '16:04:52', '16:09:52'),
(126, 20468071, 5, 4, 38, 'Austin Shepherd', 'Completed', 'Yes', '2025-07-03 15:57:29', '16:03:29', '16:07:29'),
(127, 16686758, 4, 3, 39, 'Mrs. Tara Thompson', 'Completed', 'Yes', '2025-07-03 15:58:04', '16:00:04', '16:18:04'),
(128, 12433243, 2, 5, 40, 'Benjamin Smith', 'Completed', 'Yes', '2025-07-03 16:17:28', '16:25:28', '16:30:28'),
(129, 30772495, 1, 1, 41, 'Jeremy Lewis', 'Completed', 'No', '2025-07-03 16:40:54', '16:42:54', '16:59:54'),
(130, 32186093, 2, 5, 42, 'Dr. Brian Spencer', 'Completed', 'Yes', '2025-07-03 16:41:35', '16:49:35', '17:04:35'),
(131, 12232898, 4, 3, 1, 'Kimberly Martin', 'Completed', 'No', '2025-07-04 08:00:50', '08:10:50', '08:25:50'),
(132, 19744051, 2, 5, 2, 'James Miller', 'Completed', 'No', '2025-07-04 08:03:52', '08:11:52', '08:35:52'),
(133, 25322657, 2, 5, 3, 'Melanie Walker', 'Completed', 'Yes', '2025-07-04 08:41:08', '08:48:08', '08:53:08'),
(134, 17839875, 1, 1, 4, 'Julie Black DDS', 'Completed', 'No', '2025-07-04 08:45:20', '08:54:20', '08:57:20'),
(135, 28344694, 1, 1, 5, 'Justin Anderson', 'Completed', 'No', '2025-07-04 08:49:39', '08:53:39', '09:11:39'),
(136, 32571916, 5, 4, 6, 'Suzanne Johnson', 'Completed', 'No', '2025-07-04 08:50:21', '08:56:21', '09:01:21'),
(137, 25322657, 2, 5, 7, 'Scott Frank', 'Completed', 'No', '2025-07-04 09:05:23', '09:13:23', '09:28:23'),
(138, 28344694, 4, 3, 8, 'Shane Anderson', 'Completed', 'No', '2025-07-04 09:12:21', '09:15:21', '09:17:21'),
(139, 24818120, 2, 5, 9, 'Jordan Brown', 'Completed', 'No', '2025-07-04 09:13:20', '09:18:20', '09:22:20'),
(140, 30246162, 2, 5, 10, 'Madison Andrews', 'Completed', 'Yes', '2025-07-04 09:20:46', '09:21:46', '09:25:46'),
(141, 15742671, 2, 5, 11, 'Katherine Bradley', 'Completed', 'No', '2025-07-04 09:20:55', '09:29:55', '09:37:55'),
(142, 14919095, 3, 2, 12, 'Jordan Thomas', 'Completed', 'Yes', '2025-07-04 09:22:09', '09:23:09', '09:38:09'),
(143, 14325427, 4, 3, 13, 'Austin Rivera', 'Completed', 'Yes', '2025-07-04 09:24:24', '09:25:24', '09:30:24'),
(144, 14062562, 1, 1, 14, 'Zachary Miranda', 'Completed', 'No', '2025-07-04 09:32:07', '09:37:07', '09:50:07'),
(145, 29495540, 1, 1, 15, 'Robert Duncan', 'Completed', 'Yes', '2025-07-04 09:32:11', '09:41:11', '09:59:11'),
(146, 28965658, 3, 2, 16, 'Mr. Justin Donovan DVM', 'Completed', 'No', '2025-07-04 09:41:43', '09:47:43', '09:54:43'),
(147, 11945269, 5, 4, 17, 'Mark Lewis', 'Completed', 'No', '2025-07-04 09:56:30', '10:03:30', '10:26:30'),
(148, 30846136, 1, 1, 18, 'Ryan Price', 'Completed', 'Yes', '2025-07-04 10:09:47', '10:18:47', '10:21:47'),
(149, 27921643, 5, 4, 19, 'Melissa Thomas', 'Completed', 'Yes', '2025-07-04 10:10:41', '10:15:41', '10:38:41'),
(150, 22847688, 3, 2, 20, 'Fernando Hodge', 'Completed', 'No', '2025-07-04 10:37:11', '10:45:11', '10:48:11'),
(151, 20593868, 4, 3, 21, 'Peter Bowen', 'Completed', 'Yes', '2025-07-04 10:39:44', '10:40:44', '10:48:44'),
(152, 10269093, 1, 1, 22, 'Sean Washington', 'Completed', 'Yes', '2025-07-04 10:44:01', '10:53:01', '10:57:01'),
(153, 20271782, 2, 5, 23, 'Gerald Garza', 'Completed', 'No', '2025-07-04 10:45:01', '10:55:01', '10:57:01'),
(154, 16973551, 4, 3, 24, 'Caleb Hahn', 'Completed', 'Yes', '2025-07-04 10:56:13', '11:05:13', '11:23:13'),
(155, 20081886, 2, 5, 25, 'Patricia Mckenzie', 'Completed', 'No', '2025-07-04 11:23:01', '11:33:01', '11:57:01'),
(156, 21509129, 2, 5, 26, 'Caitlyn Graham', 'Completed', 'No', '2025-07-04 11:23:01', '11:29:01', '11:43:01'),
(157, 20468071, 2, 5, 27, 'Kevin Rose DDS', 'Completed', 'No', '2025-07-04 11:34:39', '11:41:39', '12:06:39'),
(158, 10269093, 3, 2, 28, 'Ronald Brown', 'Completed', 'Yes', '2025-07-04 11:40:03', '11:47:03', '12:15:03'),
(159, 30423981, 1, 1, 29, 'Scott Gonzalez', 'Completed', 'No', '2025-07-04 12:04:28', '12:10:28', '12:13:28'),
(160, 15399038, 1, 1, 30, 'Jennifer Smith', 'Completed', 'No', '2025-07-04 12:25:09', '12:30:09', '12:57:09'),
(161, 14919095, 3, 2, 31, 'Jacqueline Crawford', 'Completed', 'Yes', '2025-07-04 12:40:56', '12:48:56', '12:51:56'),
(162, 26902918, 5, 4, 32, 'Robert Vasquez', 'Completed', 'Yes', '2025-07-04 12:41:46', '12:43:46', '12:45:46'),
(163, 32964152, 5, 4, 33, 'Lauren Sanders', 'Completed', 'Yes', '2025-07-04 12:44:41', '12:52:41', '13:05:41'),
(164, 15779398, 2, 5, 34, 'Terry Prince', 'Completed', 'Yes', '2025-07-04 12:56:40', '13:00:40', '13:24:40'),
(165, 28973064, 1, 1, 35, 'Lindsay Henderson', 'Completed', 'No', '2025-07-04 12:59:55', '13:09:55', '13:13:55'),
(166, 14325427, 3, 2, 36, 'John Stafford', 'Completed', 'No', '2025-07-04 13:15:03', '13:22:03', '13:26:03'),
(167, 24070518, 4, 3, 37, 'Hunter Burns', 'Completed', 'No', '2025-07-04 13:21:30', '13:27:30', '13:32:30'),
(168, 15136047, 5, 4, 38, 'Joseph Owen', 'Completed', 'Yes', '2025-07-04 14:06:48', '14:08:48', '14:15:48'),
(169, 17095602, 1, 1, 39, 'Kirk Frank', 'Completed', 'Yes', '2025-07-04 14:15:02', '14:25:02', '14:28:02'),
(170, 20629493, 1, 1, 40, 'Joel Farmer', 'Completed', 'No', '2025-07-04 14:30:49', '14:36:49', '14:43:49'),
(171, 25191544, 4, 3, 41, 'Gregory Lopez', 'Completed', 'Yes', '2025-07-04 14:46:33', '14:54:33', '15:09:33'),
(172, 11945269, 5, 4, 42, 'James Robinson', 'Completed', 'No', '2025-07-04 15:17:52', '15:26:52', '15:41:52'),
(173, 20593868, 3, 2, 43, 'Maria Luna', 'Completed', 'No', '2025-07-04 15:36:01', '15:45:01', '15:49:01'),
(174, 23584876, 4, 3, 44, 'Mary Williams', 'Completed', 'No', '2025-07-04 16:00:05', '16:01:05', '16:06:05'),
(175, 23546187, 5, 4, 45, 'Regina Mejia', 'Completed', 'Yes', '2025-07-04 16:02:36', '16:08:36', '16:36:36'),
(176, 27011560, 1, 1, 46, 'Doris Walsh MD', 'Completed', 'Yes', '2025-07-04 16:06:13', '16:16:13', '16:23:13'),
(177, 31885405, 2, 5, 47, 'Karen Barr', 'Completed', 'Yes', '2025-07-04 16:12:09', '16:19:09', '16:26:09'),
(178, 31885405, 4, 3, 48, 'Brittany George', 'Completed', 'No', '2025-07-04 16:51:33', '16:58:33', '17:24:33'),
(179, 25363881, 2, 5, 1, 'Ricky Lam', 'Completed', 'Yes', '2025-07-07 08:02:57', '08:04:57', '08:27:57'),
(180, 25937953, 3, 2, 2, 'Jessica Frost', 'Completed', 'No', '2025-07-07 08:42:39', '08:50:39', '08:52:39'),
(181, 14325427, 1, 1, 3, 'Samuel Reese', 'Completed', 'Yes', '2025-07-07 09:07:31', '09:13:31', '09:41:31'),
(182, 28965658, 5, 4, 4, 'Sandra Baker', 'Completed', 'Yes', '2025-07-07 09:13:37', '09:21:37', '09:29:37'),
(183, 29205325, 1, 1, 5, 'April Allison', 'Completed', 'Yes', '2025-07-07 09:15:21', '09:19:21', '09:44:21'),
(184, 15399038, 2, 5, 6, 'Michael Taylor', 'Completed', 'Yes', '2025-07-07 09:22:51', '09:30:51', '09:33:51'),
(185, 25937953, 5, 4, 7, 'Olivia Dunn', 'Completed', 'Yes', '2025-07-07 09:26:33', '09:33:33', '09:48:33'),
(186, 23830980, 3, 2, 8, 'Kevin Brown', 'Completed', 'No', '2025-07-07 09:40:51', '09:46:51', '09:50:51'),
(187, 23665233, 5, 4, 9, 'Wayne Porter', 'Completed', 'No', '2025-07-07 09:57:11', '10:03:11', '10:10:11'),
(188, 21057720, 2, 5, 10, 'Mr. Russell Jones', 'Completed', 'Yes', '2025-07-07 10:08:03', '10:17:03', '10:34:03'),
(189, 19606547, 5, 4, 11, 'Jesse Shelton', 'Completed', 'Yes', '2025-07-07 10:20:53', '10:22:53', '10:25:53'),
(190, 29627015, 1, 1, 12, 'Gerald Brown', 'Completed', 'Yes', '2025-07-07 10:37:39', '10:45:39', '10:49:39'),
(191, 24124082, 4, 3, 13, 'Johnny Jackson', 'Completed', 'Yes', '2025-07-07 10:48:06', '10:56:06', '11:13:06'),
(192, 30246162, 5, 4, 14, 'Nancy Green MD', 'Completed', 'No', '2025-07-07 10:54:51', '11:00:51', '11:04:51'),
(193, 30846136, 4, 3, 15, 'Randall Miller', 'Completed', 'Yes', '2025-07-07 10:56:10', '11:06:10', '11:09:10'),
(194, 27921643, 5, 4, 16, 'Amanda Walsh', 'Completed', 'Yes', '2025-07-07 11:02:12', '11:11:12', '11:17:12'),
(195, 26446682, 4, 3, 17, 'Joshua Fernandez', 'Completed', 'No', '2025-07-07 11:25:15', '11:27:15', '11:44:15'),
(196, 19649471, 3, 2, 18, 'Randy Velasquez', 'Completed', 'Yes', '2025-07-07 11:27:56', '11:32:56', '11:37:56'),
(197, 30246162, 2, 5, 19, 'Chelsey James', 'Completed', 'Yes', '2025-07-07 11:32:19', '11:42:19', '11:59:19'),
(198, 30846136, 5, 4, 20, 'Jeremy Richard', 'Completed', 'Yes', '2025-07-07 11:56:00', '11:57:00', '12:05:00'),
(199, 26150399, 1, 1, 21, 'Lee Brown', 'Completed', 'Yes', '2025-07-07 12:31:42', '12:34:42', '13:01:42'),
(200, 12085930, 1, 1, 22, 'Sandra Flynn', 'Completed', 'No', '2025-07-07 12:54:21', '13:01:21', '13:08:21'),
(201, 12645110, 3, 2, 23, 'Larry Walter', 'Completed', 'Yes', '2025-07-07 13:02:53', '13:10:53', '13:13:53'),
(202, 21850122, 4, 3, 24, 'Stephen Grimes', 'Completed', 'No', '2025-07-07 13:18:11', '13:20:11', '13:25:11'),
(203, 26958168, 1, 1, 25, 'Nicholas Stephens', 'Completed', 'No', '2025-07-07 13:27:31', '13:35:31', '13:40:31'),
(204, 32879310, 4, 3, 26, 'James Mendez', 'Completed', 'No', '2025-07-07 13:28:03', '13:34:03', '14:01:03'),
(205, 30423981, 4, 3, 27, 'Gina Davis', 'Completed', 'Yes', '2025-07-07 13:29:53', '13:35:53', '13:58:53'),
(206, 10191829, 3, 2, 28, 'Jon Rollins', 'Completed', 'No', '2025-07-07 13:31:00', '13:38:00', '13:46:00'),
(207, 32937597, 5, 4, 29, 'Justin Baker', 'Completed', 'No', '2025-07-07 13:37:14', '13:42:14', '14:10:14'),
(208, 30814402, 3, 2, 30, 'David Price', 'Completed', 'No', '2025-07-07 13:50:53', '13:52:53', '13:58:53'),
(209, 27380754, 3, 2, 31, 'Oscar Johnson', 'Completed', 'No', '2025-07-07 14:27:44', '14:33:44', '14:40:44'),
(210, 19744051, 3, 2, 32, 'Benjamin Hammond', 'Completed', 'Yes', '2025-07-07 14:39:08', '14:42:08', '14:45:08'),
(211, 31885405, 3, 2, 33, 'Bradley Jensen', 'Completed', 'No', '2025-07-07 14:44:38', '14:54:38', '14:59:38'),
(212, 28488496, 1, 1, 34, 'Edward Thomas', 'Completed', 'No', '2025-07-07 14:56:22', '15:06:22', '15:33:22'),
(213, 29495540, 5, 4, 35, 'Debra Ashley', 'Completed', 'No', '2025-07-07 14:56:55', '14:59:55', '15:02:55'),
(214, 20468071, 5, 4, 36, 'Erica Cooper MD', 'Completed', 'No', '2025-07-07 14:58:26', '15:07:26', '15:10:26'),
(215, 30423981, 5, 4, 37, 'Logan Mckinney', 'Completed', 'No', '2025-07-07 15:05:51', '15:06:51', '15:12:51'),
(216, 26232290, 2, 5, 38, 'Jose Olson', 'Completed', 'No', '2025-07-07 15:06:18', '15:12:18', '15:15:18'),
(217, 26902918, 3, 2, 39, 'Erin Avery', 'Completed', 'Yes', '2025-07-07 15:55:16', '16:00:16', '16:04:16'),
(218, 28488496, 4, 3, 40, 'Katie Wade', 'Completed', 'No', '2025-07-07 16:16:05', '16:19:05', '16:23:05'),
(219, 30846136, 2, 5, 41, 'Travis Rodriguez DDS', 'Completed', 'Yes', '2025-07-07 16:22:17', '16:28:17', '16:41:17'),
(220, 26321283, 5, 4, 42, 'Julia Anderson', 'Completed', 'No', '2025-07-07 16:27:15', '16:31:15', '16:33:15'),
(221, 11712684, 5, 4, 43, 'Vanessa Harrison', 'Completed', 'Yes', '2025-07-07 16:29:41', '16:30:41', '16:35:41'),
(222, 28488496, 4, 3, 44, 'Tanya Young', 'Completed', 'Yes', '2025-07-07 16:33:45', '16:42:45', '16:47:45'),
(223, 20468071, 5, 4, 45, 'Christie Rich', 'Completed', 'No', '2025-07-07 16:38:16', '16:42:16', '16:49:16'),
(224, 20081886, 2, 5, 46, 'Alicia Landry', 'Completed', 'No', '2025-07-07 16:44:15', '16:50:15', '16:53:15'),
(225, 30246162, 1, 1, 1, 'Shawn Robertson', 'Completed', 'No', '2025-07-08 08:27:39', '08:36:39', '08:39:39'),
(226, 30067509, 5, 4, 2, 'Samantha French', 'Completed', 'No', '2025-07-08 08:47:33', '08:57:33', '09:00:33'),
(227, 23546187, 3, 2, 3, 'Wendy Silva', 'Completed', 'Yes', '2025-07-08 09:10:01', '09:12:01', '09:15:01'),
(228, 27419832, 5, 4, 4, 'Alison Carroll', 'Completed', 'Yes', '2025-07-08 09:17:47', '09:25:47', '09:28:47'),
(229, 18519004, 2, 5, 5, 'Angela Jennings', 'Completed', 'Yes', '2025-07-08 09:29:10', '09:32:10', '09:38:10'),
(230, 32182134, 5, 4, 6, 'Lance Hardin', 'Completed', 'Yes', '2025-07-08 09:30:14', '09:34:14', '09:39:14'),
(231, 12863476, 3, 2, 7, 'Valerie Foster', 'Completed', 'Yes', '2025-07-08 09:30:26', '09:35:26', '09:42:26'),
(232, 28973064, 1, 1, 8, 'Paul Cummings', 'Completed', 'No', '2025-07-08 09:41:03', '09:47:03', '10:11:03'),
(233, 13213338, 2, 5, 9, 'Thomas Nguyen', 'Completed', 'No', '2025-07-08 10:01:29', '10:06:29', '10:23:29'),
(234, 12232898, 2, 5, 10, 'Jennifer Jones', 'Completed', 'No', '2025-07-08 10:11:59', '10:16:59', '10:18:59'),
(235, 19295349, 3, 2, 11, 'Jennifer Allen', 'Completed', 'No', '2025-07-08 10:42:16', '10:47:16', '10:55:16'),
(236, 20081886, 1, 1, 12, 'David Mckenzie', 'Completed', 'No', '2025-07-08 10:46:49', '10:47:49', '11:11:49'),
(237, 30846136, 5, 4, 13, 'Carlos Dixon', 'Completed', 'No', '2025-07-08 10:49:08', '10:58:08', '11:04:08'),
(238, 10191829, 3, 2, 14, 'Adam Rodriguez', 'Completed', 'Yes', '2025-07-08 11:24:46', '11:34:46', '11:51:46'),
(239, 28488496, 3, 2, 15, 'Alexandra Green', 'Completed', 'No', '2025-07-08 11:28:35', '11:30:35', '11:32:35'),
(240, 25322657, 1, 1, 16, 'Vanessa Scott', 'Completed', 'No', '2025-07-08 11:28:57', '11:33:57', '11:48:57'),
(241, 32104714, 5, 4, 17, 'Denise Mason', 'Completed', 'No', '2025-07-08 11:32:40', '11:39:40', '11:42:40'),
(242, 23780761, 4, 3, 18, 'Robert Tate', 'Completed', 'No', '2025-07-08 11:55:54', '11:57:54', '12:10:54'),
(243, 22238846, 3, 2, 19, 'Christine Williamson', 'Completed', 'No', '2025-07-08 12:28:04', '12:30:04', '12:34:04'),
(244, 17095602, 1, 1, 20, 'Linda Hayes', 'Completed', 'No', '2025-07-08 12:45:16', '12:50:16', '13:18:16'),
(245, 14062562, 5, 4, 21, 'Andrew Myers', 'Completed', 'No', '2025-07-08 12:53:05', '12:56:05', '12:59:05'),
(246, 17112502, 4, 3, 22, 'Heather Rogers', 'Completed', 'Yes', '2025-07-08 12:57:42', '13:03:42', '13:17:42'),
(247, 28965658, 5, 4, 23, 'Robin Duran', 'Completed', 'Yes', '2025-07-08 13:04:00', '13:10:00', '13:35:00'),
(248, 23665233, 2, 5, 24, 'Brian Duran', 'Completed', 'No', '2025-07-08 13:10:29', '13:14:29', '13:17:29'),
(249, 30423981, 1, 1, 25, 'Christina Roth', 'Completed', 'No', '2025-07-08 13:20:50', '13:28:50', '13:32:50'),
(250, 15742671, 3, 2, 26, 'Megan Flores', 'Completed', 'No', '2025-07-08 13:45:14', '13:51:14', '14:19:14'),
(251, 14919095, 4, 3, 27, 'David Smith', 'Completed', 'No', '2025-07-08 13:47:15', '13:52:15', '13:58:15'),
(252, 19649471, 4, 3, 28, 'Elizabeth Larsen', 'Completed', 'Yes', '2025-07-08 13:51:50', '13:55:50', '14:01:50'),
(253, 32879310, 4, 3, 29, 'Shannon Sharp MD', 'Completed', 'No', '2025-07-08 14:13:19', '14:19:19', '14:25:19'),
(254, 22238846, 2, 5, 30, 'Brenda Stone', 'Completed', 'Yes', '2025-07-08 14:29:32', '14:34:32', '14:57:32'),
(255, 32498411, 5, 4, 31, 'Nicholas Wilkins', 'Completed', 'No', '2025-07-08 14:36:23', '14:39:23', '14:46:23'),
(256, 21850122, 2, 5, 32, 'Tammie Curry', 'Completed', 'Yes', '2025-07-08 14:46:30', '14:53:30', '14:59:30'),
(257, 19606547, 5, 4, 33, 'Susan Miller', 'Completed', 'No', '2025-07-08 14:48:24', '14:54:24', '14:57:24'),
(258, 23584876, 2, 5, 34, 'Megan Harrison', 'Completed', 'Yes', '2025-07-08 15:33:51', '15:35:51', '16:02:51'),
(259, 16686758, 5, 4, 35, 'Jodi Mitchell', 'Completed', 'Yes', '2025-07-08 15:49:02', '15:53:02', '15:57:02'),
(260, 26958168, 2, 5, 36, 'Christina Ball', 'Completed', 'Yes', '2025-07-08 15:55:11', '16:05:11', '16:09:11'),
(261, 15779398, 1, 1, 37, 'Julia Bartlett', 'Completed', 'Yes', '2025-07-08 16:17:16', '16:27:16', '16:41:16'),
(262, 11945269, 1, 1, 38, 'Kimberly Willis', 'Completed', 'No', '2025-07-08 16:23:25', '16:32:25', '16:48:25'),
(263, 25322657, 2, 5, 39, 'Robert Braun', 'Completed', 'No', '2025-07-08 16:46:17', '16:53:17', '17:08:17'),
(264, 22130233, 1, 1, 40, 'Joanna Chambers', 'Completed', 'Yes', '2025-07-08 16:54:24', '16:59:24', '17:01:24'),
(265, 26382885, 4, 3, 1, 'Mr. Dustin Hahn DDS', 'Completed', 'No', '2025-07-09 08:24:55', '08:26:55', '08:33:55'),
(266, 24286843, 2, 5, 2, 'Sarah Brown', 'Completed', 'No', '2025-07-09 09:24:12', '09:29:12', '09:37:12'),
(267, 26232290, 4, 3, 3, 'Kenneth Ross', 'Completed', 'Yes', '2025-07-09 09:43:55', '09:53:55', '09:57:55'),
(268, 18804819, 5, 4, 4, 'Kristine Long', 'Completed', 'No', '2025-07-09 09:54:00', '10:00:00', '10:07:00'),
(269, 32104714, 5, 4, 5, 'Lisa Cox', 'Completed', 'Yes', '2025-07-09 10:13:13', '10:16:13', '10:44:13'),
(270, 30700341, 3, 2, 6, 'Robert Lopez', 'Completed', 'No', '2025-07-09 10:32:15', '10:40:15', '10:53:15'),
(271, 27921643, 3, 2, 7, 'Hannah Case', 'Completed', 'No', '2025-07-09 10:59:27', '11:02:27', '11:07:27'),
(272, 23830980, 3, 2, 8, 'Robert Jackson', 'Completed', 'Yes', '2025-07-09 11:02:22', '11:07:22', '11:14:22'),
(273, 12553409, 3, 2, 9, 'Brian Shelton', 'Completed', 'Yes', '2025-07-09 11:02:56', '11:12:56', '11:27:56'),
(274, 17095602, 3, 2, 10, 'Sophia Hopkins', 'Completed', 'Yes', '2025-07-09 11:11:41', '11:16:41', '11:20:41'),
(275, 21850122, 5, 4, 11, 'Mark Scott', 'Completed', 'Yes', '2025-07-09 11:16:25', '11:17:25', '11:24:25'),
(276, 28965658, 4, 3, 12, 'Dave Wilson', 'Completed', 'No', '2025-07-09 11:18:45', '11:20:45', '11:45:45'),
(277, 28973064, 4, 3, 13, 'Nicholas Johnson', 'Completed', 'Yes', '2025-07-09 11:31:53', '11:41:53', '11:49:53'),
(278, 23780761, 2, 5, 14, 'Jeff Thomas', 'Completed', 'Yes', '2025-07-09 11:34:18', '11:41:18', '12:09:18'),
(279, 11712684, 3, 2, 15, 'Jocelyn Johnson', 'Completed', 'Yes', '2025-07-09 11:34:30', '11:37:30', '11:43:30'),
(280, 19649471, 4, 3, 16, 'Lisa Green', 'Completed', 'Yes', '2025-07-09 11:49:20', '11:53:20', '12:08:20'),
(281, 23584876, 4, 3, 17, 'Kristi Thompson', 'Completed', 'No', '2025-07-09 12:14:45', '12:15:45', '12:19:45'),
(282, 32182134, 4, 3, 18, 'Tommy Stanley', 'Completed', 'Yes', '2025-07-09 12:38:48', '12:47:48', '12:55:48'),
(283, 29627015, 2, 5, 19, 'Ryan Washington', 'Completed', 'No', '2025-07-09 12:40:17', '12:49:17', '13:02:17'),
(284, 20271782, 2, 5, 20, 'Amanda Alexander', 'Completed', 'No', '2025-07-09 12:41:31', '12:49:31', '12:54:31'),
(285, 27921643, 4, 3, 21, 'Julia Odonnell', 'Completed', 'No', '2025-07-09 12:48:07', '12:57:07', '13:04:07'),
(286, 17839875, 1, 1, 22, 'Jacob Cummings', 'Completed', 'No', '2025-07-09 12:55:15', '13:00:15', '13:03:15'),
(287, 26537528, 1, 1, 23, 'Aaron Berger', 'Completed', 'Yes', '2025-07-09 12:58:17', '13:00:17', '13:16:17'),
(288, 15399038, 3, 2, 24, 'Jason Rogers', 'Completed', 'Yes', '2025-07-09 13:22:56', '13:32:56', '13:47:56'),
(289, 19295349, 1, 1, 25, 'Stacey Owen', 'Completed', 'No', '2025-07-09 13:23:35', '13:28:35', '13:41:35'),
(290, 10269093, 2, 5, 26, 'Jacob Boyle', 'Completed', 'No', '2025-07-09 13:31:49', '13:38:49', '13:46:49'),
(291, 17095602, 4, 3, 27, 'Cynthia Duran', 'Completed', 'Yes', '2025-07-09 13:40:31', '13:42:31', '13:46:31'),
(292, 30594607, 2, 5, 28, 'Ronald Molina', 'Completed', 'No', '2025-07-09 13:43:23', '13:51:23', '13:55:23'),
(293, 14325427, 3, 2, 29, 'Christopher Peters', 'Completed', 'Yes', '2025-07-09 13:51:44', '13:53:44', '13:57:44'),
(294, 12863476, 4, 3, 30, 'Danielle Huang', 'Completed', 'Yes', '2025-07-09 13:52:12', '13:55:12', '14:23:12'),
(295, 20207695, 3, 2, 31, 'Wayne Pittman', 'Completed', 'Yes', '2025-07-09 13:52:28', '14:02:28', '14:05:28'),
(296, 10269093, 1, 1, 32, 'Bianca Johnson', 'Completed', 'Yes', '2025-07-09 13:57:43', '14:05:43', '14:11:43'),
(297, 22238846, 4, 3, 33, 'Dr. William Gay', 'Completed', 'Yes', '2025-07-09 14:01:02', '14:11:02', '14:19:02'),
(298, 24510894, 5, 4, 34, 'Brian Page', 'Completed', 'No', '2025-07-09 14:04:06', '14:13:06', '14:15:06'),
(299, 19606547, 4, 3, 35, 'Marcus Schultz', 'Completed', 'Yes', '2025-07-09 14:26:05', '14:34:05', '15:01:05'),
(300, 32104714, 3, 2, 36, 'James Cooley', 'Completed', 'Yes', '2025-07-09 14:52:48', '14:58:48', '15:03:48'),
(301, 25322657, 2, 5, 37, 'Alexandra Henry', 'Completed', 'No', '2025-07-09 15:02:09', '15:12:09', '15:28:09'),
(302, 32964152, 4, 3, 38, 'Mr. Martin Brown', 'Completed', 'Yes', '2025-07-09 15:10:02', '15:20:02', '15:37:02'),
(303, 26150399, 4, 3, 39, 'Sara Hodges', 'Completed', 'No', '2025-07-09 15:49:32', '15:51:32', '16:05:32'),
(304, 28488496, 2, 5, 40, 'Eric Turner', 'Completed', 'No', '2025-07-09 15:50:28', '15:55:28', '16:02:28'),
(305, 20833122, 5, 4, 41, 'Stephen Rogers', 'Completed', 'No', '2025-07-09 16:03:01', '16:13:01', '16:19:01'),
(306, 24818120, 1, 1, 42, 'Kelsey Frey', 'Completed', 'Yes', '2025-07-09 16:16:14', '16:18:14', '16:24:14'),
(307, 21754003, 3, 2, 43, 'Walter Fox', 'Completed', 'Yes', '2025-07-09 16:25:07', '16:33:07', '16:41:07'),
(308, 14795878, 2, 5, 44, 'Cheyenne Woods', 'Completed', 'No', '2025-07-09 16:31:34', '16:38:34', '16:41:34'),
(309, 30594607, 5, 4, 1, 'Frederick Rice', 'Completed', 'No', '2025-07-10 08:11:43', '08:13:43', '08:17:43'),
(310, 14062562, 4, 3, 2, 'Crystal Buchanan', 'Completed', 'Yes', '2025-07-10 08:22:11', '08:23:11', '08:50:11'),
(311, 14325427, 2, 5, 3, 'Bryan Garrison', 'Completed', 'No', '2025-07-10 08:51:04', '08:53:04', '08:58:04'),
(312, 29289887, 4, 3, 4, 'Kelly Carr', 'Completed', 'Yes', '2025-07-10 09:16:31', '09:21:31', '09:35:31'),
(313, 17013300, 2, 5, 5, 'Jose Russell', 'Completed', 'No', '2025-07-10 09:21:12', '09:26:12', '09:31:12'),
(314, 32964152, 4, 3, 6, 'Austin Clark', 'Completed', 'No', '2025-07-10 09:33:43', '09:38:43', '09:43:43'),
(315, 19744051, 5, 4, 7, 'Kevin Savage', 'Completed', 'No', '2025-07-10 09:47:08', '09:49:08', '09:53:08'),
(316, 12645110, 1, 1, 8, 'James Simpson', 'Completed', 'No', '2025-07-10 09:50:35', '09:52:35', '09:55:35'),
(317, 32182134, 1, 1, 9, 'Anthony Gibson', 'Completed', 'Yes', '2025-07-10 09:55:11', '09:56:11', '09:58:11'),
(318, 26382885, 1, 1, 10, 'Tara Brown', 'Completed', 'Yes', '2025-07-10 09:57:43', '09:58:43', '10:24:43'),
(319, 30067509, 2, 5, 11, 'Teresa Brown', 'Completed', 'Yes', '2025-07-10 10:00:01', '10:10:01', '10:34:01'),
(320, 10269093, 5, 4, 12, 'Tim Dunn', 'Completed', 'No', '2025-07-10 10:16:43', '10:18:43', '10:22:43'),
(321, 24439561, 2, 5, 13, 'Crystal Mccoy', 'Completed', 'Yes', '2025-07-10 10:44:58', '10:45:58', '11:00:58'),
(322, 21754003, 3, 2, 14, 'Susan Cruz DDS', 'Completed', 'No', '2025-07-10 10:52:25', '10:58:25', '11:26:25'),
(323, 21057720, 2, 5, 15, 'Timothy Simmons', 'Completed', 'Yes', '2025-07-10 10:56:21', '11:02:21', '11:07:21'),
(324, 24286843, 3, 2, 16, 'Sandra Riley', 'Completed', 'No', '2025-07-10 11:21:34', '11:31:34', '11:46:34'),
(325, 10191829, 1, 1, 17, 'Brandy Bell', 'Completed', 'Yes', '2025-07-10 11:28:46', '11:31:46', '11:36:46'),
(326, 27380754, 4, 3, 18, 'Robert Smith', 'Completed', 'No', '2025-07-10 11:31:54', '11:37:54', '11:42:54'),
(327, 25322657, 2, 5, 19, 'Brenda Fernandez', 'Completed', 'No', '2025-07-10 11:43:07', '11:50:07', '11:55:07'),
(328, 27419832, 4, 3, 20, 'Paige Johnson', 'Completed', 'No', '2025-07-10 12:43:43', '12:45:43', '12:48:43'),
(329, 28973064, 3, 2, 21, 'Wanda Lloyd', 'Completed', 'Yes', '2025-07-10 12:50:57', '12:55:57', '13:03:57'),
(330, 32182134, 5, 4, 22, 'Andrew Dalton', 'Completed', 'No', '2025-07-10 12:51:02', '12:55:02', '13:03:02'),
(331, 15976321, 2, 5, 23, 'Ryan Young', 'Completed', 'Yes', '2025-07-10 13:21:02', '13:23:02', '13:26:02'),
(332, 22541427, 4, 3, 24, 'Tiffany Williams', 'Completed', 'Yes', '2025-07-10 13:48:24', '13:53:24', '14:00:24'),
(333, 10191829, 5, 4, 25, 'Tiffany Pineda', 'Completed', 'No', '2025-07-10 13:58:56', '14:01:56', '14:29:56'),
(334, 24439561, 5, 4, 26, 'Janet Eaton', 'Completed', 'No', '2025-07-10 14:01:05', '14:07:05', '14:09:05'),
(335, 25191544, 4, 3, 27, 'Katherine Williamson', 'Completed', 'Yes', '2025-07-10 14:06:52', '14:13:52', '14:27:52'),
(336, 24510894, 3, 2, 28, 'Jennifer Crawford', 'Completed', 'Yes', '2025-07-10 14:27:23', '14:28:23', '14:33:23'),
(337, 25937953, 2, 5, 29, 'Steven Gilbert', 'Completed', 'Yes', '2025-07-10 14:32:20', '14:41:20', '14:45:20'),
(338, 26446682, 5, 4, 30, 'Brandon Leonard', 'Completed', 'Yes', '2025-07-10 14:42:48', '14:47:48', '15:10:48'),
(339, 20468071, 2, 5, 31, 'Frank Kelly', 'Completed', 'No', '2025-07-10 14:46:41', '14:52:41', '15:18:41'),
(340, 26446682, 2, 5, 32, 'Michael Jordan', 'Completed', 'No', '2025-07-10 14:57:32', '15:06:32', '15:14:32'),
(341, 20207695, 2, 5, 33, 'Troy Pruitt', 'Completed', 'No', '2025-07-10 15:07:22', '15:15:22', '15:29:22'),
(342, 14931582, 1, 1, 34, 'Nicholas Gordon', 'Completed', 'Yes', '2025-07-10 15:22:02', '15:24:02', '15:38:02'),
(343, 23546187, 3, 2, 35, 'Stephanie Duran', 'Completed', 'No', '2025-07-10 15:22:40', '15:25:40', '15:38:40'),
(344, 32571916, 1, 1, 36, 'Stephanie Levy', 'Completed', 'No', '2025-07-10 15:24:26', '15:31:26', '15:35:26'),
(345, 15399038, 5, 4, 37, 'Kenneth Morrison', 'Completed', 'No', '2025-07-10 15:35:30', '15:39:30', '16:05:30'),
(346, 26150399, 3, 2, 38, 'Kenneth Vasquez', 'Completed', 'No', '2025-07-10 15:57:01', '16:04:01', '16:11:01'),
(347, 24124082, 1, 1, 39, 'Darrell Schmidt', 'Completed', 'Yes', '2025-07-10 15:58:28', '16:01:28', '16:09:28'),
(348, 27419832, 5, 4, 40, 'Kari Hughes', 'Completed', 'No', '2025-07-10 15:58:54', '16:04:54', '16:31:54'),
(349, 28344694, 2, 5, 41, 'Teresa Brown', 'Completed', 'Yes', '2025-07-10 16:03:37', '16:13:37', '16:21:37'),
(350, 20833122, 3, 2, 42, 'Emily Reed', 'Completed', 'No', '2025-07-10 16:19:18', '16:23:18', '16:36:18'),
(351, 22238846, 1, 1, 43, 'Mr. Jeffrey Whitaker', 'Completed', 'No', '2025-07-10 16:44:23', '16:47:23', '17:13:23'),
(352, 19649471, 4, 3, 1, 'Shannon Ibarra', 'Completed', 'Yes', '2025-07-11 08:02:40', '08:07:40', '08:32:40'),
(353, 18804819, 1, 1, 2, 'Tammie Martinez', 'Completed', 'No', '2025-07-11 08:07:37', '08:08:37', '08:10:37'),
(354, 29850978, 3, 2, 3, 'Derek Kennedy', 'Completed', 'No', '2025-07-11 08:14:50', '08:15:50', '08:18:50'),
(355, 32964152, 3, 2, 4, 'Ryan Knight', 'Completed', 'No', '2025-07-11 08:20:51', '08:28:51', '08:31:51'),
(356, 26321283, 5, 4, 5, 'Lydia Pittman', 'Completed', 'No', '2025-07-11 08:23:18', '08:31:18', '08:35:18'),
(357, 21057720, 2, 5, 6, 'Duane Porter', 'Completed', 'No', '2025-07-11 08:29:32', '08:32:32', '08:37:32'),
(358, 31885405, 5, 4, 7, 'Colleen Taylor', 'Completed', 'No', '2025-07-11 08:35:29', '08:37:29', '08:51:29'),
(359, 32879310, 1, 1, 8, 'Christopher Jordan', 'Completed', 'Yes', '2025-07-11 09:03:25', '09:12:25', '09:39:25'),
(360, 24439561, 1, 1, 9, 'Micheal Mayo', 'Completed', 'Yes', '2025-07-11 09:19:44', '09:27:44', '09:30:44'),
(361, 22130233, 5, 4, 10, 'Andrew Reynolds', 'Completed', 'Yes', '2025-07-11 09:28:03', '09:29:03', '09:56:03'),
(362, 22847688, 1, 1, 11, 'Cynthia Jones MD', 'Completed', 'Yes', '2025-07-11 10:10:00', '10:15:00', '10:18:00'),
(363, 30043797, 1, 1, 12, 'Michelle Richards', 'Completed', 'No', '2025-07-11 10:19:31', '10:27:31', '10:32:31'),
(364, 22541427, 2, 5, 13, 'Zachary Chandler', 'Completed', 'Yes', '2025-07-11 10:41:42', '10:49:42', '11:16:42'),
(365, 27921643, 3, 2, 14, 'Justin Howell', 'Completed', 'Yes', '2025-07-11 10:45:34', '10:53:34', '10:59:34'),
(366, 32104714, 4, 3, 15, 'Pamela Kennedy', 'Completed', 'No', '2025-07-11 10:56:27', '11:03:27', '11:20:27'),
(367, 22130233, 2, 5, 16, 'Gordon Harris', 'Completed', 'Yes', '2025-07-11 11:23:53', '11:24:53', '11:32:53'),
(368, 26958168, 5, 4, 17, 'Shawn Henson', 'Completed', 'Yes', '2025-07-11 11:29:08', '11:37:08', '11:43:08'),
(369, 12232898, 1, 1, 18, 'Rachel Stevens', 'Completed', 'No', '2025-07-11 11:38:25', '11:47:25', '12:04:25'),
(370, 20833122, 2, 5, 19, 'Billy Walker', 'Completed', 'No', '2025-07-11 11:48:54', '11:57:54', '11:59:54'),
(371, 23546187, 5, 4, 20, 'Brooke Miller', 'Completed', 'No', '2025-07-11 12:02:50', '12:07:50', '12:34:50'),
(372, 26958168, 4, 3, 21, 'David Morris', 'Completed', 'No', '2025-07-11 12:09:11', '12:18:11', '12:21:11'),
(373, 23830980, 4, 3, 22, 'Kelly Austin', 'Completed', 'No', '2025-07-11 12:17:51', '12:25:51', '12:29:51'),
(374, 26958168, 5, 4, 23, 'Caitlin Rodriguez', 'Completed', 'Yes', '2025-07-11 12:18:07', '12:28:07', '12:36:07'),
(375, 29289887, 2, 5, 24, 'Rachel Massey', 'Completed', 'No', '2025-07-11 12:22:48', '12:28:48', '12:32:48'),
(376, 30772495, 3, 2, 25, 'John Medina', 'Completed', 'Yes', '2025-07-11 12:40:04', '12:45:04', '13:13:04'),
(377, 30846136, 2, 5, 26, 'Nicholas Young', 'Completed', 'Yes', '2025-07-11 12:49:48', '12:56:48', '13:19:48'),
(378, 33297710, 2, 5, 27, 'Stacey Adams', 'Completed', 'No', '2025-07-11 12:56:44', '12:59:44', '13:02:44'),
(379, 25191544, 2, 5, 28, 'Dalton Duffy', 'Completed', 'No', '2025-07-11 13:06:19', '13:14:19', '13:30:19'),
(380, 26382885, 2, 5, 29, 'Joanne Nichols', 'Completed', 'Yes', '2025-07-11 13:21:57', '13:26:57', '13:28:57'),
(381, 14919095, 2, 5, 30, 'Bruce Evans', 'Completed', 'Yes', '2025-07-11 13:35:03', '13:45:03', '13:48:03'),
(382, 26232290, 2, 5, 31, 'Daniel Cardenas', 'Completed', 'No', '2025-07-11 14:16:11', '14:24:11', '14:48:11'),
(383, 14325427, 5, 4, 32, 'Christina Burton', 'Completed', 'No', '2025-07-11 14:21:55', '14:27:55', '14:34:55'),
(384, 24286843, 5, 4, 33, 'Craig Guerrero', 'Completed', 'Yes', '2025-07-11 14:28:06', '14:33:06', '15:01:06'),
(385, 27380754, 3, 2, 34, 'Amanda Sheppard', 'Completed', 'Yes', '2025-07-11 14:28:37', '14:35:37', '14:59:37'),
(386, 16973551, 1, 1, 35, 'Michael Avila', 'Completed', 'Yes', '2025-07-11 14:38:12', '14:47:12', '14:53:12'),
(387, 14795878, 5, 4, 36, 'Tamara Mitchell', 'Completed', 'No', '2025-07-11 14:38:16', '14:46:16', '15:00:16'),
(388, 32104714, 1, 1, 37, 'Spencer Cox', 'Completed', 'No', '2025-07-11 15:01:01', '15:05:01', '15:13:01'),
(389, 17839875, 3, 2, 38, 'Jack Stanley', 'Completed', 'No', '2025-07-11 15:07:05', '15:15:05', '15:18:05'),
(390, 24818120, 2, 5, 39, 'Craig Griffin', 'Completed', 'No', '2025-07-11 15:11:47', '15:13:47', '15:26:47'),
(391, 20593868, 2, 5, 40, 'Jay English', 'Completed', 'No', '2025-07-11 15:12:51', '15:13:51', '15:36:51'),
(392, 32964152, 3, 2, 41, 'Devon Fernandez', 'Completed', 'No', '2025-07-11 15:36:26', '15:39:26', '15:56:26'),
(393, 20593868, 2, 5, 42, 'April Stevens', 'Completed', 'No', '2025-07-11 15:45:17', '15:48:17', '16:06:17'),
(394, 25322657, 4, 3, 43, 'Jack Marquez', 'Completed', 'Yes', '2025-07-11 16:04:53', '16:05:53', '16:12:53'),
(395, 18519004, 5, 4, 44, 'Christine Conley', 'Completed', 'Yes', '2025-07-11 16:18:24', '16:23:24', '16:26:24'),
(396, 12863476, 1, 1, 45, 'Mr. Andrew Wilson', 'Completed', 'No', '2025-07-11 16:19:10', '16:23:10', '16:39:10'),
(397, 18804819, 2, 5, 46, 'Joshua Jones', 'Completed', 'Yes', '2025-07-11 16:28:46', '16:36:46', '16:43:46'),
(398, 32104714, 3, 2, 47, 'Joseph Jordan', 'Completed', 'No', '2025-07-11 16:36:24', '16:44:24', '16:51:24'),
(399, 23546187, 1, 1, 48, 'Joseph Jimenez', 'Completed', 'No', '2025-07-11 16:40:17', '16:44:17', '16:47:17'),
(400, 26958168, 2, 5, 49, 'Christopher Robinson', 'Completed', 'No', '2025-07-11 16:48:18', '16:56:18', '17:03:18'),
(401, 30700341, 1, 1, 1, 'Paul Tate', 'Completed', 'Yes', '2025-07-14 08:02:22', '08:05:22', '08:10:22'),
(402, 28488496, 2, 5, 2, 'Michael Donaldson', 'Completed', 'Yes', '2025-07-14 08:17:34', '08:27:34', '08:31:34'),
(403, 11712684, 4, 3, 3, 'Kenneth Smith', 'Completed', 'No', '2025-07-14 08:26:44', '08:35:44', '08:41:44'),
(404, 23584876, 2, 5, 4, 'Nicholas Mathis', 'Completed', 'No', '2025-07-14 08:32:59', '08:34:59', '08:37:59'),
(405, 28965658, 5, 4, 5, 'Brittany Scott', 'Completed', 'Yes', '2025-07-14 08:44:23', '08:45:23', '09:10:23'),
(406, 19578464, 4, 3, 6, 'Amanda Lynn', 'Completed', 'Yes', '2025-07-14 08:45:55', '08:48:55', '08:54:55'),
(407, 10191829, 4, 3, 7, 'Casey Miller', 'Completed', 'Yes', '2025-07-14 09:02:00', '09:07:00', '09:35:00'),
(408, 22847688, 3, 2, 8, 'Ashley Horton', 'Completed', 'No', '2025-07-14 09:03:22', '09:11:22', '09:15:22'),
(409, 15742671, 1, 1, 9, 'Michael Andersen', 'Completed', 'No', '2025-07-14 09:05:07', '09:13:07', '09:18:07'),
(410, 17877030, 2, 5, 10, 'Jonathan Hogan', 'Completed', 'No', '2025-07-14 09:15:03', '09:16:03', '09:22:03'),
(411, 19295349, 5, 4, 11, 'Veronica Johnson', 'Completed', 'No', '2025-07-14 09:30:33', '09:38:33', '10:05:33'),
(412, 10269093, 1, 1, 12, 'Mario Simpson', 'Completed', 'Yes', '2025-07-14 10:10:52', '10:16:52', '10:23:52'),
(413, 28936623, 5, 4, 13, 'Dawn Smith', 'Completed', 'No', '2025-07-14 10:27:08', '10:31:08', '10:35:08'),
(414, 30594607, 1, 1, 14, 'Maria Benton', 'Completed', 'No', '2025-07-14 10:27:31', '10:33:31', '10:56:31'),
(415, 15976321, 4, 3, 15, 'Kristopher Smith', 'Completed', 'Yes', '2025-07-14 10:54:51', '10:59:51', '11:12:51'),
(416, 20468071, 3, 2, 16, 'Joel Johnson', 'Completed', 'No', '2025-07-14 11:05:01', '11:07:01', '11:33:01'),
(417, 20081886, 1, 1, 17, 'Carol Ramos', 'Completed', 'Yes', '2025-07-14 11:07:41', '11:16:41', '11:21:41'),
(418, 17013300, 2, 5, 18, 'Zachary West', 'Completed', 'Yes', '2025-07-14 11:07:58', '11:10:58', '11:38:58'),
(419, 30846136, 4, 3, 19, 'Brittany Collins', 'Completed', 'Yes', '2025-07-14 11:22:49', '11:32:49', '12:00:49'),
(420, 19295349, 5, 4, 20, 'Angel Lee', 'Completed', 'No', '2025-07-14 11:27:48', '11:33:48', '12:01:48'),
(421, 20629493, 2, 5, 21, 'Mrs. Julia Johnson', 'Completed', 'Yes', '2025-07-14 12:04:52', '12:11:52', '12:25:52'),
(422, 26321283, 4, 3, 22, 'Joshua Wright', 'Completed', 'No', '2025-07-14 12:14:18', '12:15:18', '12:18:18'),
(423, 19578464, 3, 2, 23, 'Catherine Diaz', 'Completed', 'Yes', '2025-07-14 12:17:16', '12:19:16', '12:26:16'),
(424, 29627015, 2, 5, 24, 'Ryan Rogers', 'Completed', 'Yes', '2025-07-14 12:19:46', '12:28:46', '12:32:46'),
(425, 26537528, 1, 1, 25, 'Elizabeth Burns', 'Completed', 'Yes', '2025-07-14 12:27:43', '12:37:43', '12:50:43'),
(426, 20593868, 3, 2, 26, 'Melissa Perry', 'Completed', 'Yes', '2025-07-14 12:30:15', '12:36:15', '13:00:15'),
(427, 15779398, 2, 5, 27, 'Mrs. Elizabeth Buchanan', 'Completed', 'No', '2025-07-14 13:10:19', '13:14:19', '13:20:19'),
(428, 14919095, 2, 5, 28, 'Dr. Kenneth Willis', 'Completed', 'Yes', '2025-07-14 13:13:59', '13:14:59', '13:19:59'),
(429, 11971836, 2, 5, 29, 'Tammy Ayala', 'Completed', 'Yes', '2025-07-14 13:33:11', '13:42:11', '13:46:11'),
(430, 26382885, 5, 4, 30, 'Michelle Hall', 'Completed', 'No', '2025-07-14 13:37:45', '13:41:45', '13:57:45'),
(431, 19295349, 1, 1, 31, 'Tracy Jones', 'Completed', 'Yes', '2025-07-14 13:42:36', '13:49:36', '13:52:36'),
(432, 22541427, 1, 1, 32, 'Tracy Garcia', 'Completed', 'Yes', '2025-07-14 13:47:12', '13:51:12', '13:55:12'),
(433, 20377054, 2, 5, 33, 'Chloe Pollard', 'Completed', 'No', '2025-07-14 14:15:42', '14:24:42', '14:51:42'),
(434, 25937953, 4, 3, 34, 'Cameron Bryant', 'Completed', 'Yes', '2025-07-14 15:02:58', '15:12:58', '15:15:58'),
(435, 15779398, 2, 5, 35, 'Mary Murphy', 'Completed', 'No', '2025-07-14 15:50:44', '15:53:44', '16:18:44'),
(436, 30594607, 3, 2, 36, 'Whitney Cohen', 'Completed', 'Yes', '2025-07-14 15:54:50', '16:03:50', '16:17:50'),
(437, 32571916, 4, 3, 37, 'Dr. Richard Thomas', 'Completed', 'No', '2025-07-14 16:02:42', '16:05:42', '16:32:42'),
(438, 29205325, 4, 3, 38, 'Jonathan Rodriguez', 'Completed', 'Yes', '2025-07-14 16:18:24', '16:23:24', '16:29:24'),
(439, 20593868, 1, 1, 39, 'Elizabeth Burton', 'Completed', 'No', '2025-07-14 16:24:38', '16:31:38', '16:36:38'),
(440, 21754003, 1, 1, 40, 'Cheryl Shields', 'Completed', 'Yes', '2025-07-14 16:30:22', '16:35:22', '16:38:22'),
(441, 28965658, 4, 3, 41, 'Janet Parker', 'Completed', 'No', '2025-07-14 16:45:26', '16:48:26', '16:54:26'),
(442, 24510894, 5, 4, 42, 'Thomas Lambert', 'Completed', 'Yes', '2025-07-14 16:46:50', '16:47:50', '17:01:50'),
(443, 24286843, 5, 4, 1, 'Alexis Perry', 'Completed', 'Yes', '2025-07-15 08:51:55', '08:57:55', '09:02:55'),
(444, 23546187, 3, 2, 2, 'Kevin Baxter', 'Completed', 'No', '2025-07-15 09:10:48', '09:11:48', '09:16:48'),
(445, 16012265, 5, 4, 3, 'Jordan Sullivan', 'Completed', 'No', '2025-07-15 09:15:19', '09:19:19', '09:22:19'),
(446, 12553409, 2, 5, 4, 'James Mccarthy', 'Completed', 'No', '2025-07-15 09:25:25', '09:32:25', '09:56:25'),
(447, 33297710, 1, 1, 5, 'Kimberly Richardson', 'Completed', 'No', '2025-07-15 09:35:27', '09:40:27', '09:45:27'),
(448, 32186093, 5, 4, 6, 'Paul Erickson', 'Completed', 'No', '2025-07-15 09:51:32', '09:56:32', '10:01:32'),
(449, 22541427, 1, 1, 7, 'Beth Anderson', 'Completed', 'Yes', '2025-07-15 10:09:08', '10:15:08', '10:21:08'),
(450, 14062562, 3, 2, 8, 'Walter Nguyen', 'Completed', 'No', '2025-07-15 10:23:54', '10:31:54', '10:57:54'),
(451, 32104714, 2, 5, 9, 'Lindsey Schmidt', 'Completed', 'Yes', '2025-07-15 10:26:11', '10:32:11', '10:38:11'),
(452, 14919095, 1, 1, 10, 'Terry Garcia', 'Completed', 'No', '2025-07-15 11:01:24', '11:02:24', '11:09:24'),
(453, 33297710, 3, 2, 11, 'Angela Bryant', 'Completed', 'Yes', '2025-07-15 11:06:54', '11:07:54', '11:22:54'),
(454, 30246162, 1, 1, 12, 'Karen Walters', 'Completed', 'Yes', '2025-07-15 11:07:55', '11:12:55', '11:15:55'),
(455, 18804819, 1, 1, 13, 'Pamela King', 'Completed', 'Yes', '2025-07-15 11:11:44', '11:21:44', '11:26:44'),
(456, 28965658, 5, 4, 14, 'Donna Schroeder', 'Completed', 'Yes', '2025-07-15 11:16:00', '11:17:00', '11:43:00'),
(457, 17095602, 4, 3, 15, 'Michael Mcclure', 'Completed', 'Yes', '2025-07-15 11:27:15', '11:36:15', '11:39:15'),
(458, 12645110, 1, 1, 16, 'Brian Edwards', 'Completed', 'Yes', '2025-07-15 11:34:12', '11:41:12', '11:47:12'),
(459, 29850978, 3, 2, 17, 'Jay Gonzalez', 'Completed', 'No', '2025-07-15 11:35:16', '11:38:16', '11:51:16');
INSERT INTO `transactions` (`id`, `customer_id`, `teller_id`, `service_id`, `queue_no`, `name`, `status`, `emergency`, `transaction_date`, `start_time`, `end_time`) VALUES
(460, 24510894, 2, 5, 18, 'Jennifer Parks', 'Completed', 'No', '2025-07-15 11:43:33', '11:51:33', '12:06:33'),
(461, 24818120, 5, 4, 19, 'Donna Brock', 'Completed', 'Yes', '2025-07-15 11:46:52', '11:52:52', '11:56:52'),
(462, 28344694, 5, 4, 20, 'Tiffany Bishop', 'Completed', 'No', '2025-07-15 11:49:12', '11:51:12', '11:59:12'),
(463, 32498411, 5, 4, 21, 'Chad Lowe', 'Completed', 'No', '2025-07-15 11:51:01', '11:58:01', '12:04:01'),
(464, 25191544, 3, 2, 22, 'Daniel Mason', 'Completed', 'No', '2025-07-15 11:53:00', '12:03:00', '12:09:00'),
(465, 20081886, 4, 3, 23, 'Keith King', 'Completed', 'No', '2025-07-15 11:53:04', '11:54:04', '12:07:04'),
(466, 31885405, 3, 2, 24, 'Sean Hernandez', 'Completed', 'No', '2025-07-15 11:58:51', '11:59:51', '12:14:51'),
(467, 20629493, 3, 2, 25, 'Carol White', 'Completed', 'No', '2025-07-15 12:25:26', '12:31:26', '12:55:26'),
(468, 29554792, 3, 2, 26, 'Joe Proctor', 'Completed', 'No', '2025-07-15 12:47:41', '12:53:41', '13:18:41'),
(469, 28488496, 5, 4, 27, 'Summer Andrews', 'Completed', 'Yes', '2025-07-15 12:48:19', '12:51:19', '12:58:19'),
(470, 27380754, 1, 1, 28, 'Anna Landry', 'Completed', 'Yes', '2025-07-15 13:30:29', '13:36:29', '13:39:29'),
(471, 14919095, 3, 2, 29, 'Tina Acevedo', 'Completed', 'Yes', '2025-07-15 14:04:56', '14:12:56', '14:18:56'),
(472, 11712684, 5, 4, 30, 'Gregory Klein', 'Completed', 'No', '2025-07-15 14:16:18', '14:22:18', '14:27:18'),
(473, 25937953, 5, 4, 31, 'Andrew Wright', 'Completed', 'No', '2025-07-15 14:18:40', '14:27:40', '14:34:40'),
(474, 14105061, 1, 1, 32, 'Matthew Torres', 'Completed', 'No', '2025-07-15 14:41:42', '14:48:42', '14:53:42'),
(475, 16973551, 2, 5, 33, 'Alison Hernandez', 'Completed', 'Yes', '2025-07-15 14:54:35', '15:01:35', '15:05:35'),
(476, 11945269, 4, 3, 34, 'Michael Mays', 'Completed', 'No', '2025-07-15 15:13:35', '15:19:35', '15:22:35'),
(477, 16973551, 4, 3, 35, 'Gregory Finley', 'Completed', 'No', '2025-07-15 15:23:22', '15:26:22', '15:34:22'),
(478, 29205325, 2, 5, 36, 'Sandra Smith', 'Completed', 'No', '2025-07-15 15:45:23', '15:46:23', '15:49:23'),
(479, 26382885, 3, 2, 37, 'Carla Mckenzie', 'Completed', 'No', '2025-07-15 15:46:26', '15:48:26', '15:51:26'),
(480, 23830980, 1, 1, 38, 'Kevin Williams', 'Completed', 'Yes', '2025-07-15 15:47:45', '15:54:45', '15:57:45'),
(481, 30814402, 1, 1, 39, 'John Rogers', 'Completed', 'Yes', '2025-07-15 15:56:37', '16:00:37', '16:18:37'),
(482, 32182134, 3, 2, 40, 'Jennifer Ruiz', 'Completed', 'Yes', '2025-07-15 16:51:39', '16:56:39', '17:02:39'),
(483, 24124082, 5, 4, 41, 'Ivan Gibbs', 'Completed', 'No', '2025-07-15 16:58:02', '17:05:02', '17:13:02'),
(484, 24818120, 4, 3, 1, 'David Richardson', 'Completed', 'Yes', '2025-07-16 08:13:00', '08:15:00', '08:18:00'),
(485, 27011560, 1, 1, 2, 'Kyle Robinson', 'Completed', 'No', '2025-07-16 08:23:55', '08:25:55', '08:31:55'),
(486, 18703740, 3, 2, 3, 'Diana Ramirez', 'Completed', 'Yes', '2025-07-16 08:31:46', '08:37:46', '08:44:46'),
(487, 18519004, 1, 1, 4, 'Kelly Lopez', 'Completed', 'Yes', '2025-07-16 08:32:38', '08:36:38', '08:52:38'),
(488, 29627015, 2, 5, 5, 'Thomas Williams', 'Completed', 'Yes', '2025-07-16 08:56:21', '08:57:21', '09:05:21'),
(489, 31885405, 4, 3, 6, 'Jeffrey Bush', 'Completed', 'Yes', '2025-07-16 08:58:09', '09:05:09', '09:08:09'),
(490, 17013300, 2, 5, 7, 'Christopher Hogan', 'Completed', 'Yes', '2025-07-16 09:39:45', '09:46:45', '09:51:45'),
(491, 32937597, 2, 5, 8, 'Guy Francis', 'Completed', 'Yes', '2025-07-16 09:47:01', '09:57:01', '10:02:01'),
(492, 26321283, 1, 1, 9, 'Amanda Velez', 'Completed', 'Yes', '2025-07-16 09:47:16', '09:56:16', '10:01:16'),
(493, 22541427, 1, 1, 10, 'Shelly Alvarado', 'Completed', 'Yes', '2025-07-16 09:52:08', '09:53:08', '10:00:08'),
(494, 10269093, 5, 4, 11, 'Jaime Sheppard', 'Completed', 'Yes', '2025-07-16 10:02:53', '10:10:53', '10:25:53'),
(495, 22238846, 3, 2, 12, 'Emily Brown', 'Completed', 'No', '2025-07-16 10:07:42', '10:14:42', '10:18:42'),
(496, 28973064, 4, 3, 13, 'Carla Carroll', 'Completed', 'No', '2025-07-16 10:14:59', '10:22:59', '10:39:59'),
(497, 29205325, 4, 3, 14, 'Randy Hall', 'Completed', 'No', '2025-07-16 10:28:06', '10:36:06', '11:04:06'),
(498, 19127690, 5, 4, 15, 'Michael Schultz', 'Completed', 'No', '2025-07-16 10:32:30', '10:42:30', '10:50:30'),
(499, 24818120, 1, 1, 16, 'Christopher Jennings', 'Completed', 'Yes', '2025-07-16 10:32:37', '10:33:37', '10:46:37'),
(500, 16012265, 3, 2, 17, 'Jason Bailey', 'Completed', 'Yes', '2025-07-16 10:45:14', '10:52:14', '11:00:14'),
(501, 19127690, 3, 2, 18, 'George Dunn', 'Completed', 'No', '2025-07-16 10:49:01', '10:54:01', '11:22:01'),
(502, 25352389, 2, 5, 19, 'Crystal Mccullough', 'Completed', 'Yes', '2025-07-16 11:10:47', '11:20:47', '11:33:47'),
(503, 31885405, 2, 5, 20, 'Peter Mccall', 'Completed', 'Yes', '2025-07-16 11:18:47', '11:28:47', '11:35:47'),
(504, 32498411, 5, 4, 21, 'Andrew Goodwin', 'Completed', 'No', '2025-07-16 11:29:42', '11:32:42', '11:35:42'),
(505, 29205325, 5, 4, 22, 'Jennifer Jones', 'Completed', 'No', '2025-07-16 11:31:18', '11:36:18', '11:44:18'),
(506, 26902918, 3, 2, 23, 'Amy Weiss', 'Completed', 'No', '2025-07-16 11:38:53', '11:39:53', '11:45:53'),
(507, 14795878, 4, 3, 24, 'Deborah Moreno', 'Completed', 'No', '2025-07-16 11:44:08', '11:49:08', '12:14:08'),
(508, 24510894, 4, 3, 25, 'Mario Phillips', 'Completed', 'Yes', '2025-07-16 11:47:50', '11:52:50', '12:00:50'),
(509, 10269093, 3, 2, 26, 'Kyle Lang', 'Completed', 'Yes', '2025-07-16 12:03:41', '12:11:41', '12:16:41'),
(510, 19578464, 4, 3, 27, 'Amy Woodward', 'Completed', 'No', '2025-07-16 12:40:29', '12:42:29', '13:09:29'),
(511, 26382885, 1, 1, 28, 'Eric Graham', 'Completed', 'No', '2025-07-16 13:11:07', '13:19:07', '13:23:07'),
(512, 12232898, 1, 1, 29, 'Susan Miller', 'Completed', 'No', '2025-07-16 13:47:34', '13:50:34', '14:14:34'),
(513, 32571916, 1, 1, 30, 'Elizabeth Williams', 'Completed', 'No', '2025-07-16 13:49:38', '13:59:38', '14:02:38'),
(514, 19606547, 5, 4, 31, 'Emily Clarke', 'Completed', 'Yes', '2025-07-16 14:00:25', '14:02:25', '14:25:25'),
(515, 26232290, 5, 4, 32, 'Justin Goodman', 'Completed', 'No', '2025-07-16 14:09:09', '14:17:09', '14:24:09'),
(516, 30846136, 2, 5, 33, 'Ian Hughes', 'Completed', 'No', '2025-07-16 14:51:36', '14:55:36', '15:01:36'),
(517, 10191829, 2, 5, 34, 'Allen Gutierrez', 'Completed', 'No', '2025-07-16 15:29:31', '15:36:31', '15:53:31'),
(518, 14931582, 2, 5, 35, 'Melanie Bolton', 'Completed', 'No', '2025-07-16 15:35:11', '15:41:11', '15:47:11'),
(519, 32964152, 3, 2, 36, 'Victoria James', 'Completed', 'No', '2025-07-16 15:39:39', '15:49:39', '15:51:39'),
(520, 32498411, 3, 2, 37, 'Kathryn Santiago', 'Completed', 'Yes', '2025-07-16 15:41:52', '15:51:52', '16:18:52'),
(521, 17095602, 2, 5, 38, 'Christopher Peters', 'Completed', 'No', '2025-07-16 16:07:32', '16:09:32', '16:26:32'),
(522, 19744051, 5, 4, 39, 'Samuel Lang', 'Completed', 'Yes', '2025-07-16 16:32:21', '16:38:21', '17:02:21'),
(523, 17877030, 2, 5, 40, 'Rebecca Donovan', 'Completed', 'No', '2025-07-16 16:35:45', '16:43:45', '16:50:45'),
(524, 23830980, 5, 4, 41, 'Dana Nelson', 'Completed', 'No', '2025-07-16 16:37:03', '16:47:03', '16:50:03'),
(525, 27921643, 1, 1, 42, 'Robert Thompson', 'Completed', 'No', '2025-07-16 16:39:13', '16:48:13', '16:54:13'),
(526, 19606547, 2, 5, 43, 'Eric Graham', 'Completed', 'Yes', '2025-07-16 16:50:42', '16:59:42', '17:25:42'),
(527, 17877030, 5, 4, 44, 'Shawn Parker', 'Completed', 'Yes', '2025-07-16 16:56:58', '17:00:58', '17:05:58'),
(528, 33297710, 1, 1, 1, 'Cathy Fox', 'Completed', 'Yes', '2025-07-17 08:01:49', '08:09:49', '08:26:49'),
(529, 18703740, 2, 5, 2, 'Mr. David Stevens', 'Completed', 'Yes', '2025-07-17 08:08:28', '08:18:28', '08:26:28'),
(530, 26958168, 1, 1, 3, 'Jeffrey Hansen', 'Completed', 'No', '2025-07-17 08:14:56', '08:16:56', '08:19:56'),
(531, 24510894, 2, 5, 4, 'Isaac Jacobs', 'Completed', 'No', '2025-07-17 08:22:05', '08:26:05', '08:31:05'),
(532, 14325427, 3, 2, 5, 'Courtney Miller', 'Completed', 'Yes', '2025-07-17 08:36:16', '08:37:16', '08:41:16'),
(533, 22130233, 2, 5, 6, 'Emily York', 'Completed', 'No', '2025-07-17 08:45:10', '08:47:10', '08:54:10'),
(534, 14325427, 1, 1, 7, 'Robert Howell', 'Completed', 'No', '2025-07-17 08:56:42', '08:58:42', '09:26:42'),
(535, 15136047, 5, 4, 8, 'Jordan Weeks', 'Completed', 'Yes', '2025-07-17 09:03:38', '09:08:38', '09:12:38'),
(536, 30246162, 2, 5, 9, 'Shannon Lara', 'Completed', 'No', '2025-07-17 09:04:51', '09:14:51', '09:28:51'),
(537, 20468071, 4, 3, 10, 'James Walker', 'Completed', 'Yes', '2025-07-17 09:07:37', '09:09:37', '09:12:37'),
(538, 15976321, 1, 1, 11, 'Donna Moore', 'Completed', 'Yes', '2025-07-17 09:11:18', '09:16:18', '09:23:18'),
(539, 10269093, 5, 4, 12, 'Julie Johnson', 'Completed', 'Yes', '2025-07-17 09:15:50', '09:24:50', '09:41:50'),
(540, 29554792, 2, 5, 13, 'Sara Nelson', 'Completed', 'Yes', '2025-07-17 09:20:57', '09:27:57', '09:42:57'),
(541, 16973551, 1, 1, 14, 'Sarah Briggs', 'Completed', 'No', '2025-07-17 09:29:19', '09:38:19', '10:01:19'),
(542, 14931582, 3, 2, 15, 'Bruce Foley', 'Completed', 'Yes', '2025-07-17 10:06:08', '10:08:08', '10:10:08'),
(543, 26321283, 3, 2, 16, 'Edward Brooks', 'Completed', 'Yes', '2025-07-17 10:12:58', '10:22:58', '10:40:58'),
(544, 15779398, 1, 1, 17, 'Lauren Sharp', 'Completed', 'Yes', '2025-07-17 10:34:12', '10:36:12', '10:51:12'),
(545, 12553409, 3, 2, 18, 'Stephanie Rhodes', 'Completed', 'Yes', '2025-07-17 10:42:05', '10:49:05', '10:55:05'),
(546, 17877030, 5, 4, 19, 'Nina Novak', 'Completed', 'Yes', '2025-07-17 10:51:01', '10:57:01', '11:12:01'),
(547, 21057720, 1, 1, 20, 'Joseph Carter', 'Completed', 'No', '2025-07-17 10:51:29', '10:54:29', '11:19:29'),
(548, 30043797, 2, 5, 21, 'Mrs. Lisa Duncan MD', 'Completed', 'Yes', '2025-07-17 11:03:20', '11:11:20', '11:27:20'),
(549, 12085930, 3, 2, 22, 'Sarah Burns', 'Completed', 'No', '2025-07-17 11:07:41', '11:13:41', '11:17:41'),
(550, 22541427, 5, 4, 23, 'Natalie Mayo', 'Completed', 'Yes', '2025-07-17 11:38:36', '11:43:36', '12:07:36'),
(551, 33297710, 5, 4, 24, 'Regina Jones', 'Completed', 'Yes', '2025-07-17 11:46:59', '11:47:59', '12:11:59'),
(552, 28936623, 5, 4, 25, 'Theresa Love', 'Completed', 'No', '2025-07-17 12:34:33', '12:35:33', '12:37:33'),
(553, 11712684, 5, 4, 26, 'Katherine Lyons', 'Completed', 'No', '2025-07-17 12:40:30', '12:44:30', '12:49:30'),
(554, 12085930, 2, 5, 27, 'Joshua Dunn', 'Completed', 'No', '2025-07-17 12:41:08', '12:46:08', '13:02:08'),
(555, 22130233, 2, 5, 28, 'Dawn Lee', 'Completed', 'No', '2025-07-17 12:49:07', '12:54:07', '13:19:07'),
(556, 32104714, 1, 1, 29, 'Alexis Brown', 'Completed', 'Yes', '2025-07-17 13:30:12', '13:35:12', '13:38:12'),
(557, 20377054, 3, 2, 30, 'Jerry Wilkerson', 'Completed', 'No', '2025-07-17 14:08:51', '14:16:51', '14:23:51'),
(558, 24439561, 4, 3, 31, 'Emily Olson', 'Completed', 'Yes', '2025-07-17 14:10:54', '14:13:54', '14:18:54'),
(559, 27419832, 1, 1, 32, 'Marie Perez', 'Completed', 'Yes', '2025-07-17 14:14:22', '14:15:22', '14:20:22'),
(560, 19295349, 4, 3, 33, 'Mitchell Smith', 'Completed', 'Yes', '2025-07-17 14:17:40', '14:27:40', '14:32:40'),
(561, 11712684, 3, 2, 34, 'Grace Vincent', 'Completed', 'Yes', '2025-07-17 14:29:10', '14:32:10', '14:47:10'),
(562, 14919095, 2, 5, 35, 'Rachel White', 'Completed', 'Yes', '2025-07-17 14:51:22', '15:01:22', '15:03:22'),
(563, 11971836, 1, 1, 36, 'James Norris', 'Completed', 'Yes', '2025-07-17 15:00:01', '15:09:01', '15:24:01'),
(564, 12553409, 4, 3, 37, 'Angelica Bell', 'Completed', 'No', '2025-07-17 15:01:30', '15:08:30', '15:14:30'),
(565, 26393395, 2, 5, 38, 'Anna Smith', 'Completed', 'Yes', '2025-07-17 15:08:18', '15:18:18', '15:24:18'),
(566, 21057720, 4, 3, 39, 'Travis Jensen', 'Completed', 'No', '2025-07-17 15:11:50', '15:13:50', '15:26:50'),
(567, 24818120, 1, 1, 40, 'John Johnson MD', 'Completed', 'Yes', '2025-07-17 15:19:08', '15:29:08', '15:32:08'),
(568, 29627015, 1, 1, 41, 'Jessica Daniels', 'Completed', 'Yes', '2025-07-17 15:42:06', '15:49:06', '15:51:06'),
(569, 20271782, 5, 4, 42, 'Lori Duran', 'Completed', 'Yes', '2025-07-17 15:48:33', '15:53:33', '16:01:33'),
(570, 18519004, 2, 5, 43, 'Michelle Johnson', 'Completed', 'Yes', '2025-07-17 16:11:54', '16:18:54', '16:44:54'),
(571, 19649471, 3, 2, 44, 'Michael Watts', 'Completed', 'No', '2025-07-17 16:30:31', '16:39:31', '16:46:31'),
(572, 26446682, 4, 3, 45, 'David Riddle', 'Completed', 'No', '2025-07-17 16:32:57', '16:36:57', '16:39:57'),
(573, 14931582, 1, 1, 1, 'Austin Cox', 'Completed', 'Yes', '2025-07-18 08:34:28', '08:44:28', '09:01:28'),
(574, 19127690, 3, 2, 2, 'Jack Parrish', 'Completed', 'No', '2025-07-18 08:39:26', '08:49:26', '09:15:26'),
(575, 26902918, 1, 1, 3, 'Renee Larson', 'Completed', 'Yes', '2025-07-18 08:43:17', '08:52:17', '09:08:17'),
(576, 17877030, 1, 1, 4, 'Perry Kim', 'Completed', 'No', '2025-07-18 09:13:02', '09:14:02', '09:19:02'),
(577, 30772495, 1, 1, 5, 'Courtney Smith', 'Completed', 'Yes', '2025-07-18 09:35:55', '09:45:55', '09:52:55'),
(578, 12553409, 2, 5, 6, 'Cassandra Oneal', 'Completed', 'No', '2025-07-18 09:44:34', '09:52:34', '10:00:34'),
(579, 20081886, 4, 3, 7, 'James Wade', 'Completed', 'Yes', '2025-07-18 09:54:27', '09:59:27', '10:07:27'),
(580, 30067509, 3, 2, 8, 'Terry Stewart', 'Completed', 'No', '2025-07-18 09:56:01', '10:01:01', '10:07:01'),
(581, 28344694, 1, 1, 9, 'Cameron Strickland', 'Completed', 'No', '2025-07-18 09:58:53', '10:06:53', '10:19:53'),
(582, 16012265, 4, 3, 10, 'David Small', 'Completed', 'No', '2025-07-18 10:08:55', '10:16:55', '10:41:55'),
(583, 20593868, 4, 3, 11, 'Zachary Monroe', 'Completed', 'No', '2025-07-18 10:17:58', '10:27:58', '10:40:58'),
(584, 17112502, 3, 2, 12, 'Timothy Armstrong', 'Completed', 'No', '2025-07-18 10:29:51', '10:36:51', '10:41:51'),
(585, 21754003, 3, 2, 13, 'Lisa Miller', 'Completed', 'No', '2025-07-18 10:32:10', '10:33:10', '10:51:10'),
(586, 24124082, 1, 1, 14, 'Jackie Phillips', 'Completed', 'Yes', '2025-07-18 10:45:02', '10:52:02', '10:59:02'),
(587, 15136047, 2, 5, 15, 'Rachel Chapman', 'Completed', 'Yes', '2025-07-18 11:05:19', '11:06:19', '11:13:19'),
(588, 28344694, 1, 1, 16, 'Pamela Bullock', 'Completed', 'Yes', '2025-07-18 11:07:57', '11:09:57', '11:22:57'),
(589, 15976321, 1, 1, 17, 'Lorraine Morris', 'Completed', 'Yes', '2025-07-18 11:35:10', '11:45:10', '11:53:10'),
(590, 28344694, 1, 1, 18, 'Rachael Cooper', 'Completed', 'No', '2025-07-18 11:43:54', '11:53:54', '11:55:54'),
(591, 23830980, 5, 4, 19, 'Michael Walker', 'Completed', 'Yes', '2025-07-18 12:02:38', '12:03:38', '12:10:38'),
(592, 23584876, 2, 5, 20, 'Michelle Norris', 'Completed', 'Yes', '2025-07-18 12:11:49', '12:18:49', '12:21:49'),
(593, 19578464, 2, 5, 21, 'Diana Stokes', 'Completed', 'No', '2025-07-18 12:22:45', '12:24:45', '12:29:45'),
(594, 16686758, 5, 4, 22, 'Andrea Lopez', 'Completed', 'No', '2025-07-18 12:51:11', '12:58:11', '13:03:11'),
(595, 26902918, 1, 1, 23, 'Lisa Robinson', 'Completed', 'Yes', '2025-07-18 13:04:54', '13:11:54', '13:34:54'),
(596, 26537528, 4, 3, 24, 'Brian Lopez', 'Completed', 'No', '2025-07-18 13:25:31', '13:32:31', '13:36:31'),
(597, 20629493, 5, 4, 25, 'Brandon Fleming', 'Completed', 'Yes', '2025-07-18 13:29:57', '13:32:57', '13:49:57'),
(598, 27419832, 2, 5, 26, 'Beth Gallegos', 'Completed', 'No', '2025-07-18 13:36:46', '13:45:46', '13:52:46'),
(599, 12863476, 2, 5, 27, 'Christine Jones', 'Completed', 'Yes', '2025-07-18 13:44:09', '13:51:09', '13:59:09'),
(600, 30246162, 1, 1, 28, 'Charles Stevenson', 'Completed', 'Yes', '2025-07-18 13:45:10', '13:53:10', '13:59:10'),
(601, 24439561, 3, 2, 29, 'Gerald Cross', 'Completed', 'No', '2025-07-18 13:54:42', '13:55:42', '14:03:42'),
(602, 25363881, 3, 2, 30, 'Christian Martinez', 'Completed', 'Yes', '2025-07-18 14:42:20', '14:52:20', '15:00:20'),
(603, 32571916, 2, 5, 31, 'Edward Copeland', 'Completed', 'Yes', '2025-07-18 14:50:07', '14:57:07', '15:22:07'),
(604, 27921643, 3, 2, 32, 'Sally Branch', 'Completed', 'Yes', '2025-07-18 15:07:19', '15:15:19', '15:23:19'),
(605, 23665233, 3, 2, 33, 'Noah Alvarado', 'Completed', 'No', '2025-07-18 15:32:53', '15:42:53', '15:45:53'),
(606, 17095602, 2, 5, 34, 'Jessica Le', 'Completed', 'Yes', '2025-07-18 15:37:05', '15:46:05', '16:09:05'),
(607, 30814402, 1, 1, 35, 'Matthew Mccall', 'Completed', 'No', '2025-07-18 15:43:29', '15:48:29', '15:51:29'),
(608, 30846136, 4, 3, 36, 'Vanessa Drake', 'Completed', 'Yes', '2025-07-18 15:52:12', '15:55:12', '16:22:12'),
(609, 24510894, 1, 1, 37, 'Charles Moore', 'Completed', 'Yes', '2025-07-18 16:04:37', '16:05:37', '16:11:37'),
(610, 20629493, 3, 2, 38, 'Austin Soto', 'Completed', 'Yes', '2025-07-18 16:22:06', '16:26:06', '16:30:06'),
(611, 19513434, 1, 1, 39, 'Christina Jones', 'Completed', 'No', '2025-07-18 16:37:55', '16:45:55', '17:09:55'),
(612, 29850978, 3, 2, 40, 'Julie Torres', 'Completed', 'Yes', '2025-07-18 16:38:51', '16:47:51', '16:54:51'),
(613, 23780761, 2, 5, 41, 'Brian Berg', 'Completed', 'No', '2025-07-18 16:40:53', '16:50:53', '16:56:53'),
(614, 26232290, 2, 5, 42, 'Colin Garcia', 'Completed', 'Yes', '2025-07-18 16:41:02', '16:42:02', '16:46:02'),
(615, 22238846, 5, 4, 43, 'David Martinez', 'Completed', 'No', '2025-07-18 16:48:38', '16:54:38', '16:57:38'),
(616, 15136047, 1, 1, 44, 'Pamela James', 'Completed', 'Yes', '2025-07-18 16:49:07', '16:50:07', '16:56:07'),
(617, 16012265, 2, 5, 45, 'Sandra Pacheco', 'Completed', 'Yes', '2025-07-18 16:54:18', '17:00:18', '17:05:18'),
(618, 19649471, 2, 5, 1, 'Devin Reid', 'Completed', 'Yes', '2025-07-21 08:41:21', '08:46:21', '09:12:21'),
(619, 25363881, 2, 5, 2, 'Joshua Rodgers', 'Completed', 'No', '2025-07-21 08:52:57', '08:53:57', '09:09:57'),
(620, 33297710, 4, 3, 3, 'Barbara Wong', 'Completed', 'No', '2025-07-21 09:12:24', '09:22:24', '09:26:24'),
(621, 29205325, 5, 4, 4, 'Cory Black', 'Completed', 'Yes', '2025-07-21 09:19:10', '09:20:10', '09:26:10'),
(622, 19744051, 3, 2, 5, 'Heather Reynolds', 'Completed', 'Yes', '2025-07-21 09:22:06', '09:24:06', '09:40:06'),
(623, 26150399, 4, 3, 6, 'Jason Davis', 'Completed', 'Yes', '2025-07-21 09:46:18', '09:56:18', '10:03:18'),
(624, 29205325, 3, 2, 7, 'William Gutierrez', 'Completed', 'Yes', '2025-07-21 09:49:29', '09:54:29', '09:59:29'),
(625, 14795878, 1, 1, 8, 'Dana Hernandez', 'Completed', 'Yes', '2025-07-21 10:19:35', '10:22:35', '10:25:35'),
(626, 24286843, 4, 3, 9, 'Barbara Wright', 'Completed', 'Yes', '2025-07-21 10:24:57', '10:33:57', '10:59:57'),
(627, 18703740, 1, 1, 10, 'Robert Herrera', 'Completed', 'Yes', '2025-07-21 10:34:34', '10:43:34', '10:57:34'),
(628, 24124082, 1, 1, 11, 'Michael Mayo', 'Completed', 'No', '2025-07-21 11:15:24', '11:22:24', '11:29:24'),
(629, 27380754, 4, 3, 12, 'Jeffrey Beard', 'Completed', 'No', '2025-07-21 11:28:09', '11:30:09', '11:46:09'),
(630, 11971836, 4, 3, 13, 'Danielle Jones DVM', 'Completed', 'Yes', '2025-07-21 11:34:22', '11:44:22', '11:49:22'),
(631, 21057720, 3, 2, 14, 'Tony Boyle', 'Completed', 'No', '2025-07-21 11:40:26', '11:50:26', '11:57:26'),
(632, 22847688, 2, 5, 15, 'Sheila Brown', 'Completed', 'Yes', '2025-07-21 11:46:06', '11:53:06', '12:21:06'),
(633, 26150399, 1, 1, 16, 'Nicole Thomas', 'Completed', 'No', '2025-07-21 11:51:47', '11:54:47', '11:57:47'),
(634, 19578464, 2, 5, 17, 'Michael Cook', 'Completed', 'Yes', '2025-07-21 12:10:04', '12:18:04', '12:23:04'),
(635, 26537528, 4, 3, 18, 'Ashley Stewart', 'Completed', 'Yes', '2025-07-21 12:11:17', '12:17:17', '12:23:17'),
(636, 21057720, 3, 2, 19, 'Brenda Michael', 'Completed', 'No', '2025-07-21 12:15:02', '12:22:02', '12:27:02'),
(637, 26446682, 3, 2, 20, 'Candice Munoz', 'Completed', 'Yes', '2025-07-21 12:34:23', '12:43:23', '13:07:23'),
(638, 22238846, 3, 2, 21, 'Sean Daniels', 'Completed', 'Yes', '2025-07-21 13:00:50', '13:06:50', '13:11:50'),
(639, 15399038, 5, 4, 22, 'Stephen Lee', 'Completed', 'Yes', '2025-07-21 13:03:32', '13:04:32', '13:19:32'),
(640, 27419832, 3, 2, 23, 'Dale Moore', 'Completed', 'Yes', '2025-07-21 13:05:31', '13:06:31', '13:14:31'),
(641, 29554792, 2, 5, 24, 'Charles White', 'Completed', 'Yes', '2025-07-21 13:20:55', '13:21:55', '13:25:55'),
(642, 17112502, 1, 1, 25, 'Teresa Shea', 'Completed', 'Yes', '2025-07-21 13:23:44', '13:25:44', '13:49:44'),
(643, 26902918, 4, 3, 26, 'Ashley Stout', 'Completed', 'Yes', '2025-07-21 13:24:24', '13:33:24', '13:49:24'),
(644, 33297710, 3, 2, 27, 'Michelle Atkinson', 'Completed', 'Yes', '2025-07-21 13:28:01', '13:32:01', '14:00:01'),
(645, 32964152, 2, 5, 28, 'Marc Mullins', 'Completed', 'Yes', '2025-07-21 13:46:24', '13:56:24', '14:21:24'),
(646, 29205325, 1, 1, 29, 'Alicia Jones', 'Completed', 'No', '2025-07-21 13:46:32', '13:52:32', '13:56:32'),
(647, 21754003, 4, 3, 30, 'Vickie Ingram', 'Completed', 'Yes', '2025-07-21 13:57:51', '13:58:51', '14:23:51'),
(648, 17877030, 1, 1, 31, 'Jennifer Kelly', 'Completed', 'Yes', '2025-07-21 14:00:52', '14:03:52', '14:30:52'),
(649, 16686758, 5, 4, 32, 'Christopher Levine', 'Completed', 'No', '2025-07-21 14:02:40', '14:03:40', '14:08:40'),
(650, 11971836, 5, 4, 33, 'Erika Madden', 'Completed', 'Yes', '2025-07-21 14:35:18', '14:42:18', '14:56:18'),
(651, 30846136, 5, 4, 34, 'Mikayla Warner', 'Completed', 'No', '2025-07-21 14:42:42', '14:45:42', '14:50:42'),
(652, 21850122, 5, 4, 35, 'Cindy Henson', 'Completed', 'Yes', '2025-07-21 14:44:28', '14:54:28', '15:01:28'),
(653, 15136047, 5, 4, 36, 'Justin Chandler', 'Completed', 'No', '2025-07-21 14:50:32', '15:00:32', '15:25:32'),
(654, 26321283, 5, 4, 37, 'Melvin Vaughn', 'Completed', 'No', '2025-07-21 14:59:01', '15:02:01', '15:07:01'),
(655, 19127690, 3, 2, 38, 'Wayne Vargas', 'Completed', 'No', '2025-07-21 15:02:03', '15:03:03', '15:11:03'),
(656, 30246162, 3, 2, 39, 'Andrea Bell', 'Completed', 'No', '2025-07-21 15:06:55', '15:08:55', '15:14:55'),
(657, 18804819, 2, 5, 40, 'Courtney Ibarra', 'Completed', 'Yes', '2025-07-21 15:15:46', '15:20:46', '15:27:46'),
(658, 25363881, 2, 5, 41, 'Kimberly Martin', 'Completed', 'No', '2025-07-21 15:16:09', '15:25:09', '15:42:09'),
(659, 19578464, 4, 3, 42, 'Heather Wallace', 'Completed', 'No', '2025-07-21 15:32:25', '15:41:25', '15:57:25'),
(660, 26393395, 3, 2, 43, 'Sandra Floyd', 'Completed', 'No', '2025-07-21 15:33:35', '15:36:35', '15:43:35'),
(661, 27011560, 2, 5, 44, 'Roger Jones', 'Completed', 'No', '2025-07-21 15:53:06', '15:58:06', '16:06:06'),
(662, 29850978, 5, 4, 45, 'Sean Williams', 'Completed', 'No', '2025-07-21 15:56:19', '16:03:19', '16:11:19'),
(663, 19295349, 5, 4, 46, 'Charles Farrell', 'Completed', 'No', '2025-07-21 16:03:35', '16:11:35', '16:39:35'),
(664, 26537528, 2, 5, 47, 'Mary Carney', 'Completed', 'Yes', '2025-07-21 16:05:23', '16:13:23', '16:19:23'),
(665, 26393395, 1, 1, 48, 'Shawn Perry', 'Completed', 'Yes', '2025-07-21 16:30:12', '16:35:12', '16:40:12'),
(666, 27380754, 3, 2, 49, 'April Trevino', 'Completed', 'No', '2025-07-21 16:40:17', '16:49:17', '16:56:17'),
(667, 26902918, 5, 4, 50, 'John Harper', 'Completed', 'No', '2025-07-21 16:52:23', '16:54:23', '17:11:23'),
(668, 29554792, 2, 5, 1, 'Brian Figueroa', 'Completed', 'No', '2025-07-22 08:07:42', '08:16:42', '08:39:42'),
(669, 28488496, 1, 1, 2, 'Brenda Freeman', 'Completed', 'Yes', '2025-07-22 08:48:00', '08:55:00', '09:19:00'),
(670, 22130233, 4, 3, 3, 'Rachel Alvarez', 'Completed', 'No', '2025-07-22 08:50:12', '09:00:12', '09:23:12'),
(671, 17877030, 3, 2, 4, 'Natalie Lyons', 'Completed', 'Yes', '2025-07-22 09:25:13', '09:28:13', '09:35:13'),
(672, 16686758, 5, 4, 5, 'Christopher Mcconnell', 'Completed', 'Yes', '2025-07-22 09:26:25', '09:34:25', '09:48:25'),
(673, 18703740, 5, 4, 6, 'Patricia West', 'Completed', 'Yes', '2025-07-22 09:27:37', '09:36:37', '09:53:37'),
(674, 20377054, 1, 1, 7, 'Cynthia Oneal', 'Completed', 'No', '2025-07-22 10:03:36', '10:12:36', '10:17:36'),
(675, 18804819, 4, 3, 8, 'Christie Hardin', 'Completed', 'Yes', '2025-07-22 10:04:20', '10:14:20', '10:22:20'),
(676, 29850978, 4, 3, 9, 'Edwin Gibson', 'Completed', 'No', '2025-07-22 10:26:43', '10:27:43', '10:30:43'),
(677, 14325427, 2, 5, 10, 'Joseph Taylor', 'Completed', 'Yes', '2025-07-22 10:28:46', '10:31:46', '10:33:46'),
(678, 17877030, 2, 5, 11, 'Laurie Blake', 'Completed', 'Yes', '2025-07-22 10:46:32', '10:53:32', '11:01:32'),
(679, 27921643, 1, 1, 12, 'Jordan James', 'Completed', 'No', '2025-07-22 10:53:46', '11:03:46', '11:07:46'),
(680, 18703740, 1, 1, 13, 'Brian Duncan', 'Completed', 'No', '2025-07-22 11:21:01', '11:31:01', '11:39:01'),
(681, 32571916, 3, 2, 14, 'Brandon Alexander', 'Completed', 'No', '2025-07-22 11:31:46', '11:35:46', '11:51:46'),
(682, 20629493, 5, 4, 15, 'Andrew Brooks', 'Completed', 'Yes', '2025-07-22 11:35:39', '11:36:39', '12:00:39'),
(683, 30700341, 5, 4, 16, 'Peter Stevens', 'Completed', 'Yes', '2025-07-22 11:41:56', '11:49:56', '11:56:56'),
(684, 11712684, 2, 5, 17, 'Lindsey Jones', 'Completed', 'No', '2025-07-22 11:45:15', '11:55:15', '11:59:15'),
(685, 30423981, 2, 5, 18, 'Alexander Keith', 'Completed', 'Yes', '2025-07-22 11:51:30', '11:59:30', '12:03:30'),
(686, 27380754, 3, 2, 19, 'Angela Duran', 'Completed', 'No', '2025-07-22 11:57:21', '11:58:21', '12:12:21'),
(687, 20833122, 2, 5, 20, 'Vernon Freeman', 'Completed', 'Yes', '2025-07-22 12:18:54', '12:24:54', '12:30:54'),
(688, 21850122, 5, 4, 21, 'Gwendolyn Wells', 'Completed', 'No', '2025-07-22 12:28:00', '12:29:00', '12:57:00'),
(689, 17013300, 5, 4, 22, 'Jennifer Gutierrez', 'Completed', 'Yes', '2025-07-22 12:30:25', '12:34:25', '12:42:25'),
(690, 30246162, 2, 5, 23, 'Tamara Stone', 'Completed', 'No', '2025-07-22 12:47:22', '12:54:22', '13:01:22'),
(691, 15976321, 3, 2, 24, 'Julia Hayes', 'Completed', 'No', '2025-07-22 12:47:29', '12:48:29', '13:01:29'),
(692, 32964152, 2, 5, 25, 'Daniel Yang', 'Completed', 'No', '2025-07-22 13:05:18', '13:07:18', '13:22:18'),
(693, 19744051, 5, 4, 26, 'Molly Adams', 'Completed', 'Yes', '2025-07-22 13:08:20', '13:18:20', '13:32:20'),
(694, 12863476, 5, 4, 27, 'Haley Robles', 'Completed', 'No', '2025-07-22 13:19:41', '13:28:41', '13:55:41'),
(695, 28488496, 5, 4, 28, 'Tina Logan', 'Completed', 'No', '2025-07-22 13:43:00', '13:44:00', '13:47:00'),
(696, 26446682, 1, 1, 29, 'Andre West', 'Completed', 'No', '2025-07-22 14:09:51', '14:16:51', '14:33:51'),
(697, 28965658, 2, 5, 30, 'Cindy Myers', 'Completed', 'No', '2025-07-22 14:23:30', '14:24:30', '14:29:30'),
(698, 32182134, 1, 1, 31, 'Amber Boone', 'Completed', 'No', '2025-07-22 14:30:47', '14:35:47', '15:03:47'),
(699, 31885405, 3, 2, 32, 'Franklin Walker', 'Completed', 'No', '2025-07-22 14:41:35', '14:44:35', '15:12:35'),
(700, 19578464, 3, 2, 33, 'James Mcconnell', 'Completed', 'No', '2025-07-22 14:59:40', '15:03:40', '15:10:40'),
(701, 30700341, 5, 4, 34, 'Elizabeth Garcia', 'Completed', 'No', '2025-07-22 15:04:40', '15:09:40', '15:12:40'),
(702, 29205325, 4, 3, 35, 'Patricia Huffman', 'Completed', 'No', '2025-07-22 15:08:35', '15:13:35', '15:19:35'),
(703, 27011560, 4, 3, 36, 'Antonio Stark', 'Completed', 'No', '2025-07-22 15:21:56', '15:25:56', '15:33:56'),
(704, 30067509, 3, 2, 37, 'Caroline Bailey', 'Completed', 'No', '2025-07-22 15:25:44', '15:30:44', '15:43:44'),
(705, 13213338, 5, 4, 38, 'Gregory Meadows', 'Completed', 'Yes', '2025-07-22 16:00:57', '16:01:57', '16:29:57'),
(706, 17095602, 5, 4, 39, 'James Suarez', 'Completed', 'No', '2025-07-22 16:16:57', '16:20:57', '16:25:57'),
(707, 19295349, 3, 2, 40, 'Joel Barnes', 'Completed', 'Yes', '2025-07-22 16:20:38', '16:23:38', '16:30:38'),
(708, 30594607, 4, 3, 41, 'Tonya Navarro', 'Completed', 'Yes', '2025-07-22 16:30:47', '16:40:47', '16:48:47'),
(709, 31885405, 3, 2, 42, 'Jodi Sanchez', 'Completed', 'No', '2025-07-22 16:35:37', '16:44:37', '17:00:37'),
(710, 26150399, 5, 4, 43, 'Edward Berry', 'Completed', 'No', '2025-07-22 16:55:05', '16:58:05', '17:01:05'),
(711, 30700341, 4, 3, 44, 'Amanda Norris', 'Completed', 'Yes', '2025-07-22 16:56:04', '17:06:04', '17:19:04'),
(712, 12433243, 3, 2, 1, 'Thomas Boyd', 'Completed', 'No', '2025-07-23 08:50:52', '08:51:52', '08:57:52'),
(713, 26382885, 1, 1, 2, 'Brandy Larsen', 'Completed', 'No', '2025-07-23 08:56:50', '09:00:50', '09:26:50'),
(714, 19127690, 5, 4, 3, 'Samuel Jones', 'Completed', 'Yes', '2025-07-23 08:59:01', '09:01:01', '09:08:01'),
(715, 28344694, 5, 4, 4, 'Brian Cooper', 'Completed', 'Yes', '2025-07-23 09:14:54', '09:19:54', '09:26:54'),
(716, 12232898, 1, 1, 5, 'Hayley Taylor', 'Completed', 'Yes', '2025-07-23 09:16:43', '09:20:43', '09:44:43'),
(717, 20081886, 4, 3, 6, 'Eric Moore', 'Completed', 'Yes', '2025-07-23 09:19:08', '09:29:08', '09:37:08'),
(718, 17839875, 1, 1, 7, 'Kimberly Carney', 'Completed', 'Yes', '2025-07-23 09:57:07', '10:01:07', '10:24:07'),
(719, 25322657, 5, 4, 8, 'Judy Werner', 'Completed', 'No', '2025-07-23 09:58:27', '10:06:27', '10:30:27'),
(720, 30814402, 4, 3, 9, 'Eric Andersen', 'Completed', 'Yes', '2025-07-23 10:12:04', '10:18:04', '10:24:04'),
(721, 10269093, 3, 2, 10, 'Anna Cobb', 'Completed', 'Yes', '2025-07-23 10:16:41', '10:23:41', '10:26:41'),
(722, 20629493, 3, 2, 11, 'Joshua Blanchard', 'Completed', 'Yes', '2025-07-23 10:25:14', '10:27:14', '10:33:14'),
(723, 17877030, 4, 3, 12, 'Richard Johnson', 'Completed', 'No', '2025-07-23 10:45:33', '10:50:33', '11:15:33'),
(724, 24286843, 3, 2, 13, 'Samuel Dennis', 'Completed', 'No', '2025-07-23 10:57:47', '10:58:47', '11:16:47'),
(725, 29495540, 1, 1, 14, 'Kathryn Cook', 'Completed', 'No', '2025-07-23 11:15:56', '11:21:56', '11:24:56'),
(726, 17095602, 2, 5, 15, 'Judith Garcia', 'Completed', 'No', '2025-07-23 11:23:02', '11:26:02', '11:51:02'),
(727, 17013300, 1, 1, 16, 'Brian Beck', 'Completed', 'No', '2025-07-23 11:41:25', '11:49:25', '12:06:25'),
(728, 21057720, 2, 5, 17, 'Christopher Duncan', 'Completed', 'Yes', '2025-07-23 11:50:00', '12:00:00', '12:02:00'),
(729, 21057720, 5, 4, 18, 'Thomas Porter', 'Completed', 'Yes', '2025-07-23 11:58:36', '12:02:36', '12:07:36'),
(730, 15976321, 5, 4, 19, 'Chad Phillips', 'Completed', 'No', '2025-07-23 12:06:03', '12:11:03', '12:18:03'),
(731, 21057720, 4, 3, 20, 'Diana Allison', 'Completed', 'No', '2025-07-23 12:09:59', '12:18:59', '12:33:59'),
(732, 26321283, 2, 5, 21, 'Alice Peterson', 'Completed', 'No', '2025-07-23 12:14:49', '12:24:49', '12:27:49'),
(733, 21754003, 5, 4, 22, 'Robert Shaw', 'Completed', 'No', '2025-07-23 12:45:34', '12:49:34', '12:57:34'),
(734, 32186093, 5, 4, 23, 'Jerry Blake', 'Completed', 'Yes', '2025-07-23 13:05:19', '13:12:19', '13:20:19'),
(735, 17877030, 2, 5, 24, 'Tony Kim', 'Completed', 'Yes', '2025-07-23 13:16:31', '13:18:31', '13:25:31'),
(736, 27380754, 3, 2, 25, 'Heather Gonzalez', 'Completed', 'No', '2025-07-23 13:47:10', '13:57:10', '14:02:10'),
(737, 32879310, 1, 1, 26, 'Pamela Beasley', 'Completed', 'No', '2025-07-23 14:03:06', '14:07:06', '14:24:06'),
(738, 20377054, 5, 4, 27, 'James Stevens', 'Completed', 'No', '2025-07-23 14:17:10', '14:25:10', '14:32:10'),
(739, 32964152, 2, 5, 28, 'Kevin Brewer', 'Completed', 'No', '2025-07-23 14:18:42', '14:23:42', '14:48:42'),
(740, 17013300, 5, 4, 29, 'Meagan Parrish', 'Completed', 'Yes', '2025-07-23 14:43:57', '14:50:57', '15:07:57'),
(741, 19606547, 2, 5, 30, 'Keith Jones', 'Completed', 'Yes', '2025-07-23 14:44:31', '14:49:31', '14:54:31'),
(742, 30246162, 3, 2, 31, 'James Harris', 'Completed', 'No', '2025-07-23 14:48:37', '14:49:37', '14:53:37'),
(743, 14062562, 1, 1, 32, 'Danielle Roberts', 'Completed', 'Yes', '2025-07-23 14:57:32', '15:00:32', '15:03:32'),
(744, 33297710, 2, 5, 33, 'Kim Dawson', 'Completed', 'No', '2025-07-23 15:01:40', '15:05:40', '15:18:40'),
(745, 14795878, 5, 4, 34, 'Joseph Williams', 'Completed', 'No', '2025-07-23 15:10:56', '15:18:56', '15:25:56'),
(746, 23830980, 1, 1, 35, 'Michelle Martinez', 'Completed', 'No', '2025-07-23 15:12:57', '15:22:57', '15:27:57'),
(747, 24439561, 5, 4, 36, 'Tiffany Buckley', 'Completed', 'Yes', '2025-07-23 15:14:44', '15:17:44', '15:23:44'),
(748, 27011560, 4, 3, 37, 'Leslie Garcia', 'Completed', 'No', '2025-07-23 15:16:30', '15:19:30', '15:34:30'),
(749, 20468071, 5, 4, 38, 'Mr. Kevin Powell', 'Completed', 'No', '2025-07-23 15:31:30', '15:32:30', '15:39:30'),
(750, 30246162, 2, 5, 39, 'Chelsea Sanchez', 'Completed', 'Yes', '2025-07-23 15:34:57', '15:42:57', '15:46:57'),
(751, 17839875, 1, 1, 40, 'Lauren Carter', 'Completed', 'No', '2025-07-23 15:40:44', '15:49:44', '16:17:44'),
(752, 25191544, 4, 3, 41, 'Anthony Rubio', 'Completed', 'Yes', '2025-07-23 15:56:09', '16:05:09', '16:20:09'),
(753, 32104714, 2, 5, 42, 'Carl Moreno', 'Completed', 'No', '2025-07-23 15:59:43', '16:06:43', '16:21:43'),
(754, 25352389, 5, 4, 43, 'Nathan Brown', 'Completed', 'No', '2025-07-23 16:25:34', '16:27:34', '16:32:34'),
(755, 16973551, 4, 3, 44, 'Daniel Frey', 'Completed', 'No', '2025-07-23 16:28:19', '16:37:19', '16:45:19'),
(756, 24070518, 3, 2, 45, 'Crystal Gordon', 'Completed', 'No', '2025-07-23 16:54:49', '16:58:49', '17:21:49'),
(757, 23546187, 3, 2, 1, 'Alexander Ray', 'Completed', 'No', '2025-07-24 08:07:00', '08:09:00', '08:35:00'),
(758, 19649471, 5, 4, 2, 'Samantha Brooks', 'Completed', 'No', '2025-07-24 08:17:36', '08:25:36', '08:41:36'),
(759, 30814402, 1, 1, 3, 'Roberto Allison', 'Completed', 'No', '2025-07-24 08:19:04', '08:20:04', '08:33:04'),
(760, 10269093, 3, 2, 4, 'Larry Park', 'Completed', 'No', '2025-07-24 08:23:11', '08:31:11', '08:37:11'),
(761, 30043797, 1, 1, 5, 'Taylor Parker', 'Completed', 'No', '2025-07-24 08:29:54', '08:39:54', '08:53:54'),
(762, 29850978, 2, 5, 6, 'Dana Jones', 'Completed', 'No', '2025-07-24 08:41:20', '08:51:20', '08:54:20'),
(763, 26537528, 4, 3, 7, 'Erika Rhodes', 'Completed', 'Yes', '2025-07-24 08:45:29', '08:53:29', '09:07:29'),
(764, 12863476, 4, 3, 8, 'Sarah Romero', 'Completed', 'No', '2025-07-24 08:54:47', '09:02:47', '09:05:47'),
(765, 16012265, 3, 2, 9, 'Joseph Lawson', 'Completed', 'No', '2025-07-24 09:12:20', '09:21:20', '09:45:20'),
(766, 19744051, 2, 5, 10, 'Derek King', 'Completed', 'Yes', '2025-07-24 09:18:10', '09:22:10', '09:26:10'),
(767, 24286843, 2, 5, 11, 'Victoria Green', 'Completed', 'Yes', '2025-07-24 09:18:36', '09:27:36', '09:31:36'),
(768, 32104714, 4, 3, 12, 'Marcus Cook', 'Completed', 'No', '2025-07-24 09:21:31', '09:31:31', '09:49:31'),
(769, 26321283, 3, 2, 13, 'Patricia Joseph', 'Completed', 'No', '2025-07-24 09:26:01', '09:34:01', '09:40:01'),
(770, 23665233, 4, 3, 14, 'Christopher Ramirez', 'Completed', 'Yes', '2025-07-24 09:27:03', '09:31:03', '09:39:03'),
(771, 20207695, 3, 2, 15, 'Gary Zamora', 'Completed', 'No', '2025-07-24 09:49:00', '09:55:00', '10:12:00'),
(772, 21850122, 5, 4, 16, 'Tiffany Allison', 'Completed', 'No', '2025-07-24 10:09:44', '10:11:44', '10:27:44'),
(773, 14931582, 1, 1, 17, 'Tyler Coleman', 'Completed', 'No', '2025-07-24 11:13:38', '11:22:38', '11:45:38'),
(774, 29850978, 2, 5, 18, 'Victoria Cooper', 'Completed', 'Yes', '2025-07-24 11:14:53', '11:18:53', '11:22:53'),
(775, 30700341, 4, 3, 19, 'Bryan Martinez', 'Completed', 'Yes', '2025-07-24 11:18:37', '11:28:37', '11:31:37'),
(776, 20629493, 2, 5, 20, 'Jennifer Mcbride', 'Completed', 'No', '2025-07-24 12:20:07', '12:29:07', '12:34:07'),
(777, 25322657, 2, 5, 21, 'Kenneth Smith III', 'Completed', 'No', '2025-07-24 12:27:36', '12:32:36', '12:35:36'),
(778, 19649471, 5, 4, 22, 'Austin Norris', 'Completed', 'Yes', '2025-07-24 12:51:13', '13:01:13', '13:25:13'),
(779, 26902918, 2, 5, 23, 'Jennifer Howard', 'Completed', 'No', '2025-07-24 13:00:07', '13:05:07', '13:32:07'),
(780, 23546187, 2, 5, 24, 'Martin Benitez', 'Completed', 'No', '2025-07-24 13:03:27', '13:12:27', '13:38:27'),
(781, 26321283, 3, 2, 25, 'Rhonda Martinez', 'Completed', 'No', '2025-07-24 13:22:08', '13:27:08', '13:45:08'),
(782, 23584876, 5, 4, 26, 'Elizabeth Tran', 'Completed', 'Yes', '2025-07-24 13:43:36', '13:45:36', '13:52:36'),
(783, 16012265, 3, 2, 27, 'Michael Rogers', 'Completed', 'No', '2025-07-24 13:47:54', '13:56:54', '14:04:54'),
(784, 32964152, 1, 1, 28, 'Anthony Holt', 'Completed', 'No', '2025-07-24 13:49:26', '13:58:26', '14:21:26'),
(785, 26150399, 4, 3, 29, 'Isaac Smith', 'Completed', 'No', '2025-07-24 13:58:25', '14:00:25', '14:24:25'),
(786, 32498411, 3, 2, 30, 'Mr. Oscar Reynolds', 'Completed', 'No', '2025-07-24 14:17:59', '14:18:59', '14:25:59'),
(787, 11945269, 5, 4, 31, 'Gloria Hansen', 'Completed', 'No', '2025-07-24 14:24:43', '14:28:43', '14:35:43'),
(788, 14325427, 1, 1, 32, 'Brendan Myers', 'Completed', 'No', '2025-07-24 14:31:15', '14:36:15', '14:49:15'),
(789, 26537528, 5, 4, 33, 'Mrs. Melissa Brown', 'Completed', 'No', '2025-07-24 14:39:41', '14:44:41', '15:02:41'),
(790, 25352389, 1, 1, 34, 'Roy Moore', 'Completed', 'Yes', '2025-07-24 14:43:49', '14:48:49', '14:50:49'),
(791, 25191544, 5, 4, 35, 'Paul Wilson', 'Completed', 'Yes', '2025-07-24 14:46:35', '14:51:35', '14:59:35'),
(792, 16973551, 4, 3, 36, 'Dylan Snyder', 'Completed', 'Yes', '2025-07-24 14:54:47', '14:57:47', '15:01:47'),
(793, 21754003, 4, 3, 37, 'Richard Huff', 'Completed', 'Yes', '2025-07-24 15:00:01', '15:03:01', '15:08:01'),
(794, 17839875, 5, 4, 38, 'Isaiah Woods', 'Completed', 'Yes', '2025-07-24 15:13:46', '15:18:46', '15:21:46'),
(795, 19578464, 5, 4, 39, 'Jermaine Young', 'Completed', 'No', '2025-07-24 15:38:49', '15:41:49', '15:56:49'),
(796, 21850122, 4, 3, 40, 'Sierra Wells', 'Completed', 'No', '2025-07-24 15:51:24', '15:56:24', '16:00:24'),
(797, 19606547, 2, 5, 41, 'Brittany Rodriguez', 'Completed', 'No', '2025-07-24 16:05:09', '16:10:09', '16:34:09'),
(798, 32571916, 2, 5, 42, 'Timothy Sherman', 'Completed', 'Yes', '2025-07-24 16:17:24', '16:25:24', '16:28:24'),
(799, 19578464, 4, 3, 43, 'Keith Robinson', 'Completed', 'Yes', '2025-07-24 16:21:21', '16:24:21', '16:40:21'),
(800, 12863476, 3, 2, 44, 'Jared Nichols', 'Completed', 'Yes', '2025-07-24 16:47:58', '16:48:58', '16:53:58'),
(801, 31885405, 1, 1, 1, 'Robert Perry', 'Completed', 'Yes', '2025-07-25 08:08:46', '08:16:46', '08:21:46'),
(802, 30043797, 4, 3, 2, 'Amy Carter', 'Completed', 'No', '2025-07-25 08:36:22', '08:42:22', '08:58:22'),
(803, 16973551, 2, 5, 3, 'Kenneth Wilson', 'Completed', 'No', '2025-07-25 09:09:03', '09:11:03', '09:18:03'),
(804, 30594607, 2, 5, 4, 'Richard Thomas', 'Completed', 'Yes', '2025-07-25 09:36:37', '09:37:37', '10:02:37'),
(805, 25352389, 3, 2, 5, 'Amy Parker', 'Completed', 'No', '2025-07-25 09:40:40', '09:48:40', '09:55:40'),
(806, 27011560, 2, 5, 6, 'Lauren King', 'Completed', 'Yes', '2025-07-25 09:41:56', '09:48:56', '09:54:56'),
(807, 11945269, 4, 3, 7, 'Matthew Hobbs', 'Completed', 'Yes', '2025-07-25 09:46:46', '09:47:46', '10:13:46'),
(808, 29495540, 5, 4, 8, 'Jason Huff', 'Completed', 'No', '2025-07-25 09:48:29', '09:53:29', '10:00:29'),
(809, 24286843, 4, 3, 9, 'Elizabeth Casey', 'Completed', 'Yes', '2025-07-25 09:53:31', '09:58:31', '10:04:31'),
(810, 15136047, 5, 4, 10, 'Brian Reid', 'Completed', 'No', '2025-07-25 10:02:28', '10:08:28', '10:13:28'),
(811, 29289887, 4, 3, 11, 'Vanessa Weber', 'Completed', 'Yes', '2025-07-25 10:06:38', '10:08:38', '10:15:38'),
(812, 25352389, 1, 1, 12, 'Laura Rivera', 'Completed', 'Yes', '2025-07-25 10:21:08', '10:22:08', '10:46:08'),
(813, 19744051, 2, 5, 13, 'Jenna Nelson', 'Completed', 'No', '2025-07-25 10:35:35', '10:44:35', '10:52:35'),
(814, 18703740, 2, 5, 14, 'James Petty', 'Completed', 'Yes', '2025-07-25 10:37:11', '10:39:11', '11:04:11'),
(815, 30814402, 3, 2, 15, 'Ms. Sharon Ware MD', 'Completed', 'No', '2025-07-25 10:52:17', '10:57:17', '11:03:17'),
(816, 30043797, 2, 5, 16, 'Debra Smith', 'Completed', 'No', '2025-07-25 10:55:02', '11:03:02', '11:10:02'),
(817, 19513434, 4, 3, 17, 'David Hunt', 'Completed', 'No', '2025-07-25 11:00:01', '11:04:01', '11:09:01'),
(818, 14795878, 1, 1, 18, 'Chad Taylor', 'Completed', 'Yes', '2025-07-25 11:01:47', '11:02:47', '11:04:47'),
(819, 20468071, 5, 4, 19, 'Stefanie Diaz', 'Completed', 'Yes', '2025-07-25 11:33:21', '11:36:21', '11:49:21'),
(820, 22847688, 5, 4, 20, 'Charles Frye', 'Completed', 'Yes', '2025-07-25 11:54:56', '11:57:56', '12:00:56'),
(821, 20833122, 2, 5, 21, 'David Oneill', 'Completed', 'No', '2025-07-25 11:59:31', '12:07:31', '12:23:31'),
(822, 27011560, 2, 5, 22, 'Amanda Rice', 'Completed', 'No', '2025-07-25 12:15:49', '12:25:49', '12:43:49'),
(823, 30067509, 3, 2, 23, 'Justin Bright', 'Completed', 'Yes', '2025-07-25 12:23:55', '12:24:55', '12:40:55'),
(824, 11712684, 4, 3, 24, 'Andrew Vasquez', 'Completed', 'Yes', '2025-07-25 12:27:29', '12:30:29', '12:33:29'),
(825, 25352389, 2, 5, 25, 'Cody Hester', 'Completed', 'No', '2025-07-25 12:36:13', '12:37:13', '12:42:13'),
(826, 13213338, 2, 5, 26, 'Brian Carpenter', 'Completed', 'No', '2025-07-25 13:16:57', '13:25:57', '13:29:57'),
(827, 12863476, 3, 2, 27, 'Eric Webb', 'Completed', 'Yes', '2025-07-25 13:29:55', '13:36:55', '13:41:55'),
(828, 26382885, 1, 1, 28, 'George Smith', 'Completed', 'Yes', '2025-07-25 13:43:17', '13:44:17', '13:47:17'),
(829, 23584876, 5, 4, 29, 'Beverly Ochoa', 'Completed', 'Yes', '2025-07-25 13:48:31', '13:51:31', '13:53:31'),
(830, 20207695, 1, 1, 30, 'Jacob Smith', 'Completed', 'No', '2025-07-25 13:59:42', '14:09:42', '14:34:42'),
(831, 14919095, 4, 3, 31, 'Alexander Campbell', 'Completed', 'Yes', '2025-07-25 14:12:18', '14:13:18', '14:17:18'),
(832, 22541427, 5, 4, 32, 'Brittany Graham', 'Completed', 'No', '2025-07-25 14:14:58', '14:19:58', '14:27:58'),
(833, 22238846, 3, 2, 33, 'Carrie Craig', 'Completed', 'No', '2025-07-25 14:44:25', '14:47:25', '15:13:25'),
(834, 32498411, 3, 2, 34, 'Stephanie Williams', 'Completed', 'Yes', '2025-07-25 15:12:07', '15:18:07', '15:36:07'),
(835, 25322657, 5, 4, 35, 'James Valentine', 'Completed', 'Yes', '2025-07-25 15:19:09', '15:21:09', '15:25:09'),
(836, 26232290, 3, 2, 36, 'Ryan Andrews', 'Completed', 'No', '2025-07-25 15:20:46', '15:28:46', '15:56:46'),
(837, 20377054, 3, 2, 37, 'Stephanie Griffin', 'Completed', 'Yes', '2025-07-25 15:25:08', '15:28:08', '15:34:08'),
(838, 28344694, 4, 3, 38, 'Mckenzie Martin', 'Completed', 'No', '2025-07-25 15:27:50', '15:36:50', '15:54:50'),
(839, 26321283, 3, 2, 39, 'Patrick Lewis', 'Completed', 'Yes', '2025-07-25 15:28:59', '15:37:59', '15:53:59'),
(840, 24818120, 4, 3, 40, 'William Macias', 'Completed', 'Yes', '2025-07-25 15:41:20', '15:43:20', '16:01:20'),
(841, 31885405, 2, 5, 41, 'Jessica Duncan', 'Completed', 'Yes', '2025-07-25 15:44:25', '15:49:25', '15:55:25'),
(842, 17839875, 2, 5, 42, 'Virginia Smith MD', 'Completed', 'Yes', '2025-07-25 15:56:55', '16:05:55', '16:10:55'),
(843, 17013300, 5, 4, 43, 'Heather West', 'Completed', 'Yes', '2025-07-25 16:29:09', '16:30:09', '16:32:09'),
(844, 20593868, 2, 5, 44, 'Makayla Wood', 'Completed', 'Yes', '2025-07-25 16:39:03', '16:45:03', '16:53:03'),
(845, 17095602, 2, 5, 1, 'Robert Chan', 'Completed', 'Yes', '2025-07-28 08:04:09', '08:12:09', '08:25:09'),
(846, 13213338, 3, 2, 2, 'Jamie Hamilton', 'Completed', 'No', '2025-07-28 08:17:09', '08:24:09', '08:29:09'),
(847, 26321283, 1, 1, 3, 'Amanda Alvarado', 'Completed', 'No', '2025-07-28 08:21:43', '08:26:43', '08:31:43'),
(848, 20081886, 5, 4, 4, 'Jill Phillips', 'Completed', 'No', '2025-07-28 08:24:01', '08:25:01', '08:30:01'),
(849, 29289887, 2, 5, 5, 'Matthew Walker', 'Completed', 'Yes', '2025-07-28 08:24:47', '08:26:47', '08:33:47'),
(850, 21850122, 5, 4, 6, 'Michele Woodard', 'Completed', 'Yes', '2025-07-28 08:29:58', '08:35:58', '08:49:58'),
(851, 16012265, 3, 2, 7, 'Debra Phillips', 'Completed', 'Yes', '2025-07-28 08:34:25', '08:43:25', '08:50:25'),
(852, 22130233, 1, 1, 8, 'Michael Barry', 'Completed', 'Yes', '2025-07-28 08:45:04', '08:53:04', '09:07:04'),
(853, 28488496, 5, 4, 9, 'Kathleen Chavez', 'Completed', 'No', '2025-07-28 08:55:03', '09:05:03', '09:29:03'),
(854, 22541427, 2, 5, 10, 'Bradley Briggs', 'Completed', 'No', '2025-07-28 08:59:31', '09:01:31', '09:16:31'),
(855, 25363881, 2, 5, 11, 'Matthew Fields', 'Completed', 'No', '2025-07-28 09:01:10', '09:04:10', '09:18:10'),
(856, 24439561, 1, 1, 12, 'Angela Watkins', 'Completed', 'No', '2025-07-28 09:04:42', '09:08:42', '09:12:42'),
(857, 20377054, 3, 2, 13, 'William Sanchez', 'Completed', 'No', '2025-07-28 09:18:46', '09:19:46', '09:25:46'),
(858, 19513434, 3, 2, 14, 'Courtney Taylor', 'Completed', 'Yes', '2025-07-28 09:29:37', '09:31:37', '09:34:37'),
(859, 15136047, 4, 3, 15, 'Lisa Ford', 'Completed', 'Yes', '2025-07-28 09:30:11', '09:40:11', '09:44:11'),
(860, 30594607, 2, 5, 16, 'Kathy Dillon DDS', 'Completed', 'No', '2025-07-28 09:38:12', '09:42:12', '09:45:12'),
(861, 17112502, 2, 5, 17, 'Michael Warren', 'Completed', 'No', '2025-07-28 09:48:54', '09:57:54', '10:13:54'),
(862, 30772495, 1, 1, 18, 'Brian Benson', 'Completed', 'No', '2025-07-28 10:12:05', '10:14:05', '10:22:05'),
(863, 26958168, 5, 4, 19, 'Chelsea Miller DVM', 'Completed', 'No', '2025-07-28 10:15:41', '10:24:41', '10:32:41'),
(864, 19744051, 5, 4, 20, 'Rachel Lyons', 'Completed', 'Yes', '2025-07-28 10:18:01', '10:26:01', '10:51:01'),
(865, 32186093, 1, 1, 21, 'Charles Singh', 'Completed', 'No', '2025-07-28 10:23:25', '10:27:25', '10:33:25'),
(866, 24818120, 1, 1, 22, 'Jenny Kim MD', 'Completed', 'Yes', '2025-07-28 10:39:38', '10:42:38', '10:46:38'),
(867, 24286843, 4, 3, 23, 'Cynthia Hayes', 'Completed', 'Yes', '2025-07-28 10:40:53', '10:47:53', '10:54:53'),
(868, 32964152, 2, 5, 24, 'Dr. Christopher Davis Jr.', 'Completed', 'No', '2025-07-28 10:45:41', '10:51:41', '11:17:41'),
(869, 16686758, 5, 4, 25, 'Justin Mckenzie', 'Completed', 'No', '2025-07-28 11:11:22', '11:12:22', '11:28:22'),
(870, 26446682, 5, 4, 26, 'Justin Hudson', 'Completed', 'No', '2025-07-28 11:33:47', '11:43:47', '12:06:47'),
(871, 15742671, 4, 3, 27, 'Kristin Valdez', 'Completed', 'Yes', '2025-07-28 11:35:06', '11:40:06', '11:44:06'),
(872, 24510894, 5, 4, 28, 'Cynthia Osborne', 'Completed', 'Yes', '2025-07-28 11:40:52', '11:47:52', '11:50:52'),
(873, 19649471, 4, 3, 29, 'Gina Perry', 'Completed', 'No', '2025-07-28 11:49:02', '11:55:02', '11:59:02'),
(874, 28488496, 2, 5, 30, 'Kenneth Robles', 'Completed', 'No', '2025-07-28 12:10:22', '12:15:22', '12:23:22'),
(875, 20468071, 1, 1, 31, 'Abigail Williams', 'Completed', 'Yes', '2025-07-28 12:18:05', '12:23:05', '12:26:05'),
(876, 18703740, 2, 5, 32, 'Bobby Wolf', 'Completed', 'No', '2025-07-28 12:19:27', '12:29:27', '12:33:27'),
(877, 17877030, 3, 2, 33, 'Meagan Rivera', 'Completed', 'Yes', '2025-07-28 12:33:10', '12:39:10', '12:44:10'),
(878, 17013300, 2, 5, 34, 'Leslie Williams', 'Completed', 'Yes', '2025-07-28 13:15:12', '13:22:12', '13:38:12'),
(879, 27011560, 1, 1, 35, 'Donna Martin', 'Completed', 'No', '2025-07-28 13:18:34', '13:22:34', '13:46:34'),
(880, 22130233, 5, 4, 36, 'Scott Bradshaw', 'Completed', 'Yes', '2025-07-28 13:49:41', '13:54:41', '13:57:41'),
(881, 20271782, 4, 3, 37, 'Gloria Freeman', 'Completed', 'Yes', '2025-07-28 13:54:53', '13:55:53', '13:58:53'),
(882, 15136047, 4, 3, 38, 'Jade Thomas', 'Completed', 'No', '2025-07-28 13:59:32', '14:07:32', '14:33:32'),
(883, 28965658, 4, 3, 39, 'Justin White', 'Completed', 'Yes', '2025-07-28 14:10:02', '14:14:02', '14:22:02'),
(884, 19513434, 5, 4, 40, 'Rachael Holder', 'Completed', 'Yes', '2025-07-28 14:46:04', '14:54:04', '15:18:04'),
(885, 19606547, 1, 1, 41, 'Audrey Conner', 'Completed', 'No', '2025-07-28 14:48:56', '14:49:56', '14:52:56'),
(886, 16973551, 3, 2, 42, 'Peter Garcia', 'Completed', 'Yes', '2025-07-28 15:41:10', '15:48:10', '15:55:10'),
(887, 26382885, 5, 4, 43, 'Elizabeth Stanley', 'Completed', 'Yes', '2025-07-28 15:50:26', '15:59:26', '16:06:26'),
(888, 12085930, 1, 1, 44, 'Mr. Vernon Mitchell', 'Completed', 'No', '2025-07-28 16:49:00', '16:53:00', '16:57:00'),
(889, 20207695, 1, 1, 45, 'Meghan Paul', 'Completed', 'No', '2025-07-28 16:56:31', '17:02:31', '17:18:31'),
(890, 12085930, 2, 5, 1, 'Charles Barnes', 'Completed', 'No', '2025-07-29 08:01:16', '08:07:16', '08:20:16'),
(891, 23546187, 4, 3, 2, 'Gary Schultz', 'Completed', 'Yes', '2025-07-29 08:04:59', '08:05:59', '08:23:59'),
(892, 14931582, 1, 1, 3, 'Robert Weber', 'Completed', 'Yes', '2025-07-29 08:22:36', '08:24:36', '08:37:36'),
(893, 26958168, 3, 2, 4, 'Angela Vang', 'Completed', 'Yes', '2025-07-29 08:26:29', '08:31:29', '08:34:29'),
(894, 32964152, 5, 4, 5, 'Thomas Murphy', 'Completed', 'No', '2025-07-29 08:27:03', '08:37:03', '08:51:03'),
(895, 21754003, 4, 3, 6, 'Charles Crawford', 'Completed', 'No', '2025-07-29 08:29:04', '08:31:04', '08:49:04'),
(896, 22130233, 1, 1, 7, 'Ashley Navarro', 'Completed', 'Yes', '2025-07-29 08:56:58', '09:06:58', '09:09:58'),
(897, 33297710, 2, 5, 8, 'Jennifer Davidson', 'Completed', 'No', '2025-07-29 09:00:01', '09:01:01', '09:08:01'),
(898, 24818120, 3, 2, 9, 'Janet Martinez', 'Completed', 'No', '2025-07-29 09:06:32', '09:09:32', '09:23:32'),
(899, 12433243, 4, 3, 10, 'David White', 'Completed', 'No', '2025-07-29 09:10:08', '09:15:08', '09:20:08'),
(900, 26393395, 4, 3, 11, 'Carolyn King', 'Completed', 'Yes', '2025-07-29 09:18:50', '09:26:50', '09:54:50'),
(901, 15399038, 3, 2, 12, 'Daniel Hartman', 'Completed', 'No', '2025-07-29 09:20:50', '09:27:50', '09:43:50'),
(902, 12645110, 2, 5, 13, 'Larry Perez', 'Completed', 'No', '2025-07-29 09:29:14', '09:37:14', '09:51:14'),
(903, 28973064, 3, 2, 14, 'Brenda Johnson', 'Completed', 'No', '2025-07-29 10:01:16', '10:10:16', '10:15:16'),
(904, 12645110, 5, 4, 15, 'Daniel Sanchez', 'Completed', 'Yes', '2025-07-29 10:04:25', '10:06:25', '10:19:25'),
(905, 18519004, 3, 2, 16, 'Andrew Flowers', 'Completed', 'Yes', '2025-07-29 10:12:27', '10:13:27', '10:21:27'),
(906, 32964152, 1, 1, 17, 'April Ross', 'Completed', 'Yes', '2025-07-29 10:25:50', '10:32:50', '10:38:50'),
(907, 29495540, 3, 2, 18, 'Trevor Duarte', 'Completed', 'No', '2025-07-29 10:58:18', '11:00:18', '11:27:18'),
(908, 12085930, 1, 1, 19, 'Melissa Coffey', 'Completed', 'No', '2025-07-29 10:58:46', '11:02:46', '11:29:46'),
(909, 22541427, 5, 4, 20, 'Amy Underwood', 'Completed', 'Yes', '2025-07-29 10:58:52', '10:59:52', '11:16:52'),
(910, 12232898, 1, 1, 21, 'Jenna Dickson', 'Completed', 'Yes', '2025-07-29 11:09:16', '11:14:16', '11:39:16'),
(911, 27011560, 3, 2, 22, 'Michael Short', 'Completed', 'Yes', '2025-07-29 11:10:48', '11:12:48', '11:30:48'),
(912, 28973064, 5, 4, 23, 'Christine Boyd', 'Completed', 'Yes', '2025-07-29 11:11:04', '11:17:04', '11:21:04'),
(913, 26232290, 2, 5, 24, 'Eric Wu', 'Completed', 'Yes', '2025-07-29 11:22:37', '11:28:37', '11:34:37'),
(914, 19127690, 5, 4, 25, 'Daniel Hartman', 'Completed', 'No', '2025-07-29 11:24:14', '11:25:14', '11:32:14'),
(915, 20468071, 2, 5, 26, 'Nicole Fletcher', 'Completed', 'Yes', '2025-07-29 11:24:18', '11:28:18', '11:31:18'),
(916, 32182134, 2, 5, 27, 'Andre Skinner', 'Completed', 'No', '2025-07-29 11:38:12', '11:41:12', '11:48:12'),
(917, 11971836, 1, 1, 28, 'James Cohen', 'Completed', 'Yes', '2025-07-29 11:59:50', '12:07:50', '12:30:50'),
(918, 32186093, 2, 5, 29, 'Natalie Smith', 'Completed', 'No', '2025-07-29 12:07:51', '12:09:51', '12:11:51');
INSERT INTO `transactions` (`id`, `customer_id`, `teller_id`, `service_id`, `queue_no`, `name`, `status`, `emergency`, `transaction_date`, `start_time`, `end_time`) VALUES
(919, 17013300, 2, 5, 30, 'Carla Ferguson', 'Completed', 'Yes', '2025-07-29 12:17:35', '12:24:35', '12:29:35'),
(920, 29627015, 2, 5, 31, 'Joshua Morgan', 'Completed', 'Yes', '2025-07-29 13:06:18', '13:16:18', '13:19:18'),
(921, 33297710, 5, 4, 32, 'Brittany Ferguson', 'Completed', 'Yes', '2025-07-29 14:17:53', '14:24:53', '14:38:53'),
(922, 12645110, 5, 4, 33, 'Michelle Brennan', 'Completed', 'No', '2025-07-29 14:46:07', '14:53:07', '15:06:07'),
(923, 32182134, 3, 2, 34, 'Zachary Smith', 'Completed', 'Yes', '2025-07-29 14:52:05', '15:02:05', '15:15:05'),
(924, 22238846, 1, 1, 35, 'Jennifer Jackson', 'Completed', 'Yes', '2025-07-29 14:53:49', '14:57:49', '15:01:49'),
(925, 17112502, 3, 2, 36, 'Laura Frank', 'Completed', 'Yes', '2025-07-29 15:03:47', '15:07:47', '15:33:47'),
(926, 23584876, 1, 1, 37, 'Nicholas Evans', 'Completed', 'No', '2025-07-29 15:21:21', '15:27:21', '15:50:21'),
(927, 26150399, 2, 5, 38, 'Debbie Bruce', 'Completed', 'No', '2025-07-29 15:22:08', '15:27:08', '15:52:08'),
(928, 21754003, 4, 3, 39, 'Natalie Lewis', 'Completed', 'Yes', '2025-07-29 16:02:48', '16:08:48', '16:13:48'),
(929, 28965658, 4, 3, 40, 'Brittany Haynes', 'Completed', 'No', '2025-07-29 16:22:26', '16:30:26', '16:43:26'),
(930, 17013300, 2, 5, 41, 'Kenneth Li', 'Completed', 'No', '2025-07-29 16:30:44', '16:35:44', '16:43:44'),
(931, 14919095, 4, 3, 42, 'Omar Burns', 'Completed', 'Yes', '2025-07-29 16:31:15', '16:34:15', '16:38:15'),
(932, 27380754, 2, 5, 43, 'Matthew Wilson', 'Completed', 'No', '2025-07-29 16:43:44', '16:49:44', '17:06:44'),
(933, 11712684, 3, 2, 44, 'Sean Whitehead', 'Completed', 'Yes', '2025-07-29 16:54:15', '16:55:15', '17:22:15'),
(934, 30423981, 3, 2, 1, 'Dale Mendoza', 'Completed', 'Yes', '2025-07-30 08:11:45', '08:12:45', '08:16:45'),
(935, 27011560, 4, 3, 2, 'Ryan Carpenter', 'Completed', 'Yes', '2025-07-30 08:14:41', '08:20:41', '08:28:41'),
(936, 12232898, 3, 2, 3, 'Kathy Campbell', 'Completed', 'Yes', '2025-07-30 09:10:44', '09:17:44', '09:33:44'),
(937, 23665233, 2, 5, 4, 'William Johnston', 'Completed', 'Yes', '2025-07-30 09:25:17', '09:26:17', '09:40:17'),
(938, 24124082, 1, 1, 5, 'Melissa Wells', 'Completed', 'No', '2025-07-30 09:29:02', '09:36:02', '09:38:02'),
(939, 28344694, 5, 4, 6, 'Ashley Jackson', 'Completed', 'Yes', '2025-07-30 09:30:00', '09:33:00', '09:38:00'),
(940, 25937953, 5, 4, 7, 'Casey Baker', 'Completed', 'No', '2025-07-30 09:48:26', '09:56:26', '10:12:26'),
(941, 16686758, 5, 4, 8, 'James Wright', 'Completed', 'Yes', '2025-07-30 10:31:22', '10:34:22', '10:52:22'),
(942, 23584876, 1, 1, 9, 'Jessica Ferguson', 'Completed', 'No', '2025-07-30 10:45:54', '10:50:54', '10:53:54'),
(943, 19295349, 2, 5, 10, 'Carmen Tate', 'Completed', 'Yes', '2025-07-30 10:56:02', '10:57:02', '11:00:02'),
(944, 32879310, 5, 4, 11, 'Jeffrey Smith', 'Completed', 'Yes', '2025-07-30 11:11:40', '11:16:40', '11:43:40'),
(945, 22541427, 4, 3, 12, 'Sandra Odonnell', 'Completed', 'Yes', '2025-07-30 11:36:40', '11:44:40', '11:52:40'),
(946, 15779398, 2, 5, 13, 'Mr. Eric Neal MD', 'Completed', 'Yes', '2025-07-30 11:39:54', '11:45:54', '12:11:54'),
(947, 25322657, 2, 5, 14, 'Jennifer Lee', 'Completed', 'No', '2025-07-30 11:46:13', '11:56:13', '12:01:13'),
(948, 29554792, 1, 1, 15, 'Claire Garcia', 'Completed', 'Yes', '2025-07-30 11:48:52', '11:49:52', '11:56:52'),
(949, 17112502, 2, 5, 16, 'Christopher Johnson', 'Completed', 'Yes', '2025-07-30 11:49:19', '11:55:19', '12:01:19'),
(950, 19513434, 4, 3, 17, 'Sylvia Miller', 'Completed', 'No', '2025-07-30 11:53:29', '11:54:29', '12:01:29'),
(951, 25322657, 2, 5, 18, 'Jeremy Adkins', 'Completed', 'Yes', '2025-07-30 11:58:53', '12:01:53', '12:09:53'),
(952, 25352389, 1, 1, 19, 'Michael Perez', 'Completed', 'Yes', '2025-07-30 11:59:42', '12:03:42', '12:09:42'),
(953, 26446682, 2, 5, 20, 'Anita Boyd', 'Completed', 'Yes', '2025-07-30 12:02:02', '12:09:02', '12:32:02'),
(954, 18703740, 4, 3, 21, 'Beth Burke', 'Completed', 'Yes', '2025-07-30 12:11:32', '12:16:32', '12:19:32'),
(955, 30700341, 1, 1, 22, 'Kathryn Allison', 'Completed', 'No', '2025-07-30 12:12:40', '12:21:40', '12:27:40'),
(956, 12645110, 3, 2, 23, 'Rebecca Nguyen', 'Completed', 'Yes', '2025-07-30 12:20:45', '12:28:45', '12:35:45'),
(957, 16012265, 3, 2, 24, 'Jessica Carrillo', 'Completed', 'Yes', '2025-07-30 12:47:31', '12:56:31', '13:13:31'),
(958, 32104714, 5, 4, 25, 'Andrew Nguyen', 'Completed', 'Yes', '2025-07-30 13:03:47', '13:05:47', '13:10:47'),
(959, 24439561, 2, 5, 26, 'Derek Trevino', 'Completed', 'No', '2025-07-30 13:04:14', '13:14:14', '13:40:14'),
(960, 15779398, 5, 4, 27, 'Earl Davies', 'Completed', 'Yes', '2025-07-30 13:04:45', '13:10:45', '13:17:45'),
(961, 26902918, 2, 5, 28, 'Juan Davis', 'Completed', 'No', '2025-07-30 13:05:51', '13:06:51', '13:11:51'),
(962, 14931582, 4, 3, 29, 'Christina Abbott', 'Completed', 'Yes', '2025-07-30 13:36:57', '13:38:57', '13:52:57'),
(963, 12863476, 5, 4, 30, 'Joseph Nelson', 'Completed', 'No', '2025-07-30 14:05:59', '14:07:59', '14:15:59'),
(964, 26958168, 2, 5, 31, 'Kristine Taylor', 'Completed', 'Yes', '2025-07-30 14:11:16', '14:14:16', '14:38:16'),
(965, 12863476, 2, 5, 32, 'Tina Hawkins', 'Completed', 'Yes', '2025-07-30 14:14:24', '14:21:24', '14:37:24'),
(966, 21754003, 4, 3, 33, 'Sharon Murray', 'Completed', 'No', '2025-07-30 14:16:14', '14:25:14', '14:30:14'),
(967, 19295349, 1, 1, 34, 'Danielle Myers MD', 'Completed', 'No', '2025-07-30 14:45:13', '14:49:13', '14:54:13'),
(968, 12232898, 2, 5, 35, 'Christina Joyce', 'Completed', 'No', '2025-07-30 14:52:48', '14:56:48', '15:02:48'),
(969, 23584876, 3, 2, 36, 'Monica Griffin', 'Completed', 'Yes', '2025-07-30 14:57:44', '15:02:44', '15:06:44'),
(970, 11712684, 4, 3, 37, 'Suzanne Ball', 'Completed', 'No', '2025-07-30 14:58:47', '15:06:47', '15:09:47'),
(971, 26321283, 5, 4, 38, 'Sarah George', 'Completed', 'No', '2025-07-30 15:02:24', '15:11:24', '15:13:24'),
(972, 28488496, 2, 5, 39, 'Elizabeth Gonzalez', 'Completed', 'Yes', '2025-07-30 15:06:16', '15:16:16', '15:43:16'),
(973, 19127690, 2, 5, 40, 'Whitney Martin', 'Completed', 'Yes', '2025-07-30 15:10:05', '15:11:05', '15:16:05'),
(974, 25322657, 3, 2, 41, 'Maria Lopez', 'Completed', 'No', '2025-07-30 15:26:52', '15:30:52', '15:33:52'),
(975, 22541427, 1, 1, 42, 'Wanda Fisher', 'Completed', 'No', '2025-07-30 16:28:50', '16:35:50', '16:43:50'),
(976, 32571916, 2, 5, 43, 'Leslie Brown', 'Completed', 'Yes', '2025-07-30 16:45:50', '16:46:50', '16:51:50'),
(977, 25191544, 2, 5, 44, 'Aaron Sweeney', 'Completed', 'Yes', '2025-07-30 16:47:32', '16:48:32', '16:54:32'),
(978, 23780761, 3, 2, 26, 'Haley Cruz', 'Completed', 'Yes', '2025-07-30 08:47:32', '08:58:54', '09:05:45'),
(979, 20081886, 4, 3, 27, 'Jamie Kennedy', 'Completed', 'No', '2025-07-30 08:47:42', '08:54:00', '09:08:13'),
(980, 30700341, 2, 5, 28, 'Jeffery Garrison', 'Completed', 'Yes', '2025-07-30 08:50:45', '11:16:00', '11:19:14'),
(981, 20377054, 3, 2, 29, 'Jacob Ramos', 'Completed', 'No', '2025-07-30 08:53:20', '09:09:54', '09:15:34'),
(982, 32186093, 2, 5, 30, 'Mark Walton', 'Completed', 'Yes', '2025-07-30 08:53:50', '11:36:00', '11:38:57'),
(983, 25322657, 1, 1, 31, 'Matthew Peters', 'Completed', 'No', '2025-07-30 08:53:54', '09:00:24', '09:06:01'),
(984, 23584876, 2, 5, 32, 'Luke Maxwell', 'Completed', 'Yes', '2025-07-30 08:56:00', '11:55:00', '11:58:20'),
(985, 14919095, 4, 3, 33, 'Danielle Leonard', 'Completed', 'Yes', '2025-07-30 08:58:54', '09:05:00', '09:19:50'),
(986, 12232898, 2, 5, 34, 'Tiffany Thomas', 'Completed', 'Yes', '2025-07-30 09:00:14', '12:15:00', '12:20:22'),
(987, 25363881, 5, 4, 35, 'Robert Clark', 'Completed', 'Yes', '2025-07-30 09:05:00', '09:05:00', '09:28:42'),
(988, 12645110, 2, 5, 36, 'Adam Parker', 'Completed', 'Yes', '2025-07-30 09:10:00', '12:33:00', '12:37:36'),
(989, 29289887, 1, 1, 37, 'Angela Nguyen', 'Completed', 'Yes', '2025-07-30 09:11:45', '09:15:24', '09:20:52'),
(990, 10269093, 2, 5, 38, 'Kevin Herring', 'Completed', 'No', '2025-07-30 09:22:36', '12:55:00', '13:00:13'),
(991, 11712684, 1, 1, 39, 'Alec Jensen', 'Completed', 'No', '2025-07-30 09:27:27', '09:31:24', '09:36:29'),
(992, 17095602, 4, 3, 40, 'Angela Delacruz', 'Completed', 'No', '2025-07-30 09:43:50', '09:43:50', '09:58:50'),
(993, 25363881, 4, 3, 41, 'Leslie Bates', 'Completed', 'Yes', '2025-07-30 09:45:18', '09:53:50', '10:08:34'),
(994, 25191544, 4, 3, 42, 'Timothy Cannon', 'Completed', 'No', '2025-07-30 09:46:48', '10:05:50', '10:22:18'),
(995, 16973551, 3, 2, 1, 'Taylor Lee', 'Completed', 'Yes', '2025-07-31 08:00:00', '08:00:00', '08:06:24'),
(996, 25363881, 2, 5, 2, 'Victoria Jones', 'Completed', 'Yes', '2025-07-31 08:01:13', '08:01:13', '08:05:58'),
(997, 20271782, 3, 2, 3, 'Aaron York', 'Skipped', 'No', '2025-07-31 08:03:00', '00:00:00', '00:00:00'),
(998, 25191544, 5, 4, 4, 'Amber Krause', 'Queued', 'Yes', '2025-07-31 08:03:14', '00:00:00', '00:00:00'),
(999, 15136047, 2, 5, 5, 'Jaclyn Powell', 'Queued', 'Yes', '2025-07-31 08:08:03', '00:00:00', '00:00:00'),
(1000, 27419832, 3, 2, 6, 'Todd Pacheco', 'Reassigned', 'Yes', '2025-07-31 08:08:56', '00:00:00', '00:00:00'),
(1001, 10269093, 1, 1, 7, 'Carolyn Green', 'Skipped', 'No', '2025-07-31 08:10:16', '00:00:00', '00:00:00'),
(1002, 20207695, 1, 2, 8, 'Stephanie Tucker', 'Reassigned', 'Yes', '2025-07-31 08:10:54', '00:00:00', '00:00:00'),
(1003, 20593868, 1, 1, 9, 'Sandra Pham', 'Queued', 'No', '2025-07-31 08:11:05', '00:00:00', '00:00:00'),
(1004, 32964152, 3, 2, 10, 'Jessica Fisher', 'Skipped', 'No', '2025-07-31 08:11:44', '00:00:00', '00:00:00'),
(1005, 25191544, 5, 4, 11, 'Sarah Kaufman', 'Skipped', 'No', '2025-07-31 08:18:36', '00:00:00', '00:00:00'),
(1006, 19649471, 5, 4, 12, 'Victoria Taylor', 'Reassigned', 'Yes', '2025-07-31 08:24:09', '00:00:00', '00:00:00'),
(1007, 10269093, 3, 2, 13, 'Douglas Hoffman', 'Reassigned', 'No', '2025-07-31 08:26:30', '00:00:00', '00:00:00'),
(1008, 30846136, 4, 3, 14, 'Caitlin Smith', 'Skipped', 'No', '2025-07-31 08:26:30', '00:00:00', '00:00:00'),
(1009, 14795878, 1, 1, 15, 'William Nguyen', 'Queued', 'No', '2025-07-31 08:31:02', '00:00:00', '00:00:00'),
(1010, 28488496, 1, 1, 16, 'Sarah Cook', 'Skipped', 'No', '2025-07-31 08:37:03', '00:00:00', '00:00:00'),
(1011, 29205325, 3, 2, 17, 'Joshua Scott', 'Skipped', 'No', '2025-07-31 08:37:03', '00:00:00', '00:00:00'),
(1012, 20593868, 4, 3, 18, 'Paula Johnson', 'Skipped', 'No', '2025-07-31 08:39:12', '00:00:00', '00:00:00'),
(1013, 32186093, 5, 4, 19, 'Hailey Jones', 'Queued', 'Yes', '2025-07-31 08:40:25', '00:00:00', '00:00:00'),
(1014, 19649471, 3, 1, 20, 'Matthew Farmer Jr.', 'Reassigned', 'Yes', '2025-07-31 08:42:42', '00:00:00', '00:00:00'),
(1015, 21057720, 2, 1, 21, 'James Baker', 'Reassigned', 'Yes', '2025-07-31 08:46:28', '00:00:00', '00:00:00'),
(1016, 28973064, 1, 1, 22, 'Heather Carlson', 'Reassigned', 'Yes', '2025-07-31 08:50:24', '00:00:00', '00:00:00'),
(1017, 30700341, 3, 2, 23, 'Sarah Young', 'Queued', 'No', '2025-07-31 08:51:00', '00:00:00', '00:00:00'),
(1018, 22541427, 1, 1, 24, 'Mindy Huffman', 'Queued', 'Yes', '2025-07-31 08:52:48', '13:52:32', '13:54:12'),
(1019, 19649471, 2, 5, 25, 'Thomas Smith', 'Skipped', 'No', '2025-07-31 08:57:40', '00:00:00', '00:00:00'),
(1020, 24124082, 4, 3, 26, 'Jeffery Mcclure', 'Reassigned', 'Yes', '2025-07-31 09:05:10', '00:00:00', '00:00:00');

-- --------------------------------------------------------

--
-- Table structure for table `users`
--

CREATE TABLE `users` (
  `id` int(11) NOT NULL,
  `username` varchar(255) NOT NULL,
  `password` text NOT NULL
) ENGINE=InnoDB DEFAULT CHARSET=utf8mb4 COLLATE=utf8mb4_general_ci;

--
-- Dumping data for table `users`
--

INSERT INTO `users` (`id`, `username`, `password`) VALUES
(1, 'admin', 'admin123'),
(2, 'teller1', 'teller123'),
(3, 'teller2', 'teller123'),
(4, 'teller3', 'teller123'),
(5, 'teller4', 'teller123'),
(6, 'teller5', 'teller123');

--
-- Indexes for dumped tables
--

--
-- Indexes for table `customers`
--
ALTER TABLE `customers`
  ADD PRIMARY KEY (`id`);

--
-- Indexes for table `services`
--
ALTER TABLE `services`
  ADD PRIMARY KEY (`id`);

--
-- Indexes for table `tellers`
--
ALTER TABLE `tellers`
  ADD PRIMARY KEY (`id`);

--
-- Indexes for table `transactions`
--
ALTER TABLE `transactions`
  ADD PRIMARY KEY (`id`),
  ADD KEY `teller_id` (`teller_id`),
  ADD KEY `service_id` (`service_id`),
  ADD KEY `customer_id` (`customer_id`);

--
-- Indexes for table `users`
--
ALTER TABLE `users`
  ADD PRIMARY KEY (`id`);

--
-- AUTO_INCREMENT for dumped tables
--

--
-- AUTO_INCREMENT for table `services`
--
ALTER TABLE `services`
  MODIFY `id` int(11) NOT NULL AUTO_INCREMENT, AUTO_INCREMENT=7;

--
-- AUTO_INCREMENT for table `tellers`
--
ALTER TABLE `tellers`
  MODIFY `id` int(11) NOT NULL AUTO_INCREMENT, AUTO_INCREMENT=6;

--
-- AUTO_INCREMENT for table `transactions`
--
ALTER TABLE `transactions`
  MODIFY `id` int(11) NOT NULL AUTO_INCREMENT, AUTO_INCREMENT=1021;

--
-- AUTO_INCREMENT for table `users`
--
ALTER TABLE `users`
  MODIFY `id` int(11) NOT NULL AUTO_INCREMENT, AUTO_INCREMENT=7;

--
-- Constraints for dumped tables
--

--
-- Constraints for table `transactions`
--
ALTER TABLE `transactions`
  ADD CONSTRAINT `transactions_ibfk_1` FOREIGN KEY (`customer_id`) REFERENCES `customers` (`id`),
  ADD CONSTRAINT `transactions_ibfk_2` FOREIGN KEY (`teller_id`) REFERENCES `tellers` (`id`),
  ADD CONSTRAINT `transactions_ibfk_3` FOREIGN KEY (`service_id`) REFERENCES `services` (`id`),
  ADD CONSTRAINT `transactions_ibfk_4` FOREIGN KEY (`customer_id`) REFERENCES `customers` (`id`);
COMMIT;

/*!40101 SET CHARACTER_SET_CLIENT=@OLD_CHARACTER_SET_CLIENT */;
/*!40101 SET CHARACTER_SET_RESULTS=@OLD_CHARACTER_SET_RESULTS */;
/*!40101 SET COLLATION_CONNECTION=@OLD_COLLATION_CONNECTION */;
