-- phpMyAdmin SQL Dump
-- version 5.2.1
-- https://www.phpmyadmin.net/
--
-- Host: 127.0.0.1
-- Generation Time: Jul 31, 2025 at 12:12 PM
-- Server version: 10.4.32-MariaDB
-- PHP Version: 8.2.12

SET SQL_MODE = "NO_AUTO_VALUE_ON_ZERO";
START TRANSACTION;
SET time_zone = "+00:00";


/*!40101 SET @OLD_CHARACTER_SET_CLIENT=@@CHARACTER_SET_CLIENT */;
/*!40101 SET @OLD_CHARACTER_SET_RESULTS=@@CHARACTER_SET_RESULTS */;
/*!40101 SET @OLD_COLLATION_CONNECTION=@@COLLATION_CONNECTION */;
/*!40101 SET NAMES utf8mb4 */;

--
-- Database: `banktellersystem_db`
--

-- --------------------------------------------------------

--
-- Table structure for table `customers`
--

CREATE TABLE `customers` (
  `id` int(11) NOT NULL,
  `teller_id` int(11) NOT NULL,
  `service_id` int(11) NOT NULL,
  `queue_no` int(11) NOT NULL,
  `name` varchar(255) NOT NULL,
  `status` enum('Queued','Completed','Active','Reassigned','Skipped') NOT NULL DEFAULT 'Queued',
  `emergency` enum('Yes','No') NOT NULL DEFAULT 'No',
  `transaction_date` datetime NOT NULL DEFAULT current_timestamp(),
  `start_time` time DEFAULT NULL,
  `end_time` time NOT NULL
) ENGINE=InnoDB DEFAULT CHARSET=utf8 COLLATE=utf8_general_ci;

--
-- Dumping data for table `customers`
--

INSERT INTO `customers` (`id`, `teller_id`, `service_id`, `queue_no`, `name`, `status`, `emergency`, `transaction_date`, `start_time`, `end_time`) VALUES
(1, 1, 1, 1, 'Benjamin George', 'Completed', 'Yes', '2025-07-01 12:15:00', '12:17:00', '12:22:00'),
(2, 1, 1, 2, 'Julie Meyer', 'Completed', 'Yes', '2025-07-01 17:27:00', '17:28:00', '17:33:00'),
(3, 1, 1, 3, 'Rachel Carter', 'Completed', 'Yes', '2025-07-01 11:32:00', '11:37:00', '11:42:00'),
(4, 5, 4, 4, 'Stephanie Norman', 'Completed', 'Yes', '2025-07-01 16:26:00', '16:28:00', '16:55:00'),
(5, 5, 4, 5, 'Julie Rojas', 'Completed', 'No', '2025-07-01 08:48:00', '08:50:00', '09:15:00'),
(6, 4, 3, 6, 'Shannon Green', 'Completed', 'No', '2025-07-01 12:09:00', '12:11:00', '12:25:00'),
(7, 3, 2, 7, 'Mr. Jonathan Jackson', 'Completed', 'Yes', '2025-07-01 09:24:00', '09:25:00', '09:30:00'),
(8, 3, 2, 8, 'Stephanie Taylor', 'Completed', 'No', '2025-07-01 08:46:00', '08:50:00', '08:55:00'),
(9, 1, 1, 9, 'Seth Chavez', 'Completed', 'No', '2025-07-01 09:35:00', '09:38:00', '09:42:00'),
(10, 5, 4, 10, 'Stephen Moss', 'Completed', 'No', '2025-07-01 17:12:00', '17:13:00', '17:38:00'),
(11, 2, 5, 11, 'Brianna Williams', 'Completed', 'No', '2025-07-01 09:54:00', '09:56:00', '10:00:00'),
(12, 1, 1, 12, 'John Bender', 'Completed', 'No', '2025-07-01 12:29:00', '12:32:00', '12:37:00'),
(13, 3, 2, 13, 'Joshua Houston', 'Completed', 'No', '2025-07-01 11:42:00', '11:45:00', '11:50:00'),
(14, 1, 1, 14, 'Stephanie Morris', 'Completed', 'Yes', '2025-07-01 16:46:00', '16:48:00', '16:53:00'),
(15, 4, 3, 15, 'Derek Lozano', 'Completed', 'No', '2025-07-01 12:59:00', '13:04:00', '13:18:00'),
(16, 3, 2, 16, 'Micheal Garrison', 'Completed', 'Yes', '2025-07-01 11:52:00', '11:53:00', '11:58:00'),
(17, 3, 2, 17, 'Ronnie Santos', 'Completed', 'No', '2025-07-01 12:04:00', '12:06:00', '12:11:00'),
(18, 3, 2, 18, 'David Gilmore', 'Completed', 'Yes', '2025-07-01 15:25:00', '15:29:00', '15:34:00'),
(19, 3, 2, 19, 'Stephen Mooney', 'Completed', 'Yes', '2025-07-01 11:47:00', '11:52:00', '11:57:00'),
(20, 3, 2, 20, 'Heather Harper', 'Completed', 'No', '2025-07-01 17:25:00', '17:28:00', '17:33:00'),
(21, 2, 5, 21, 'Amanda Hurst', 'Completed', 'No', '2025-07-01 09:48:00', '09:49:00', '09:55:00'),
(22, 1, 1, 22, 'Steven Weaver', 'Completed', 'Yes', '2025-07-01 10:50:00', '10:54:00', '10:59:00'),
(23, 1, 1, 23, 'Stephanie Price', 'Completed', 'No', '2025-07-01 14:38:00', '14:42:00', '14:47:00'),
(24, 3, 2, 24, 'Stacy Santos', 'Completed', 'Yes', '2025-07-01 09:43:00', '09:48:00', '09:53:00'),
(25, 3, 2, 25, 'Todd Brown', 'Completed', 'No', '2025-07-01 09:18:00', '09:22:00', '09:27:00'),
(26, 4, 3, 26, 'Carolyn Lane', 'Completed', 'Yes', '2025-07-01 12:32:00', '12:34:00', '12:49:00'),
(27, 1, 1, 27, 'Ashley Strong', 'Completed', 'No', '2025-07-01 16:38:00', '16:40:00', '16:45:00'),
(28, 3, 2, 28, 'Julia Olson', 'Completed', 'Yes', '2025-07-01 16:49:00', '16:54:00', '16:59:00'),
(29, 5, 4, 29, 'Jennifer Dean', 'Completed', 'No', '2025-07-01 15:01:00', '15:02:00', '15:27:00'),
(30, 3, 2, 30, 'Anna Barnes', 'Completed', 'Yes', '2025-07-01 08:15:00', '08:20:00', '08:25:00'),
(31, 1, 1, 31, 'Joseph Poole', 'Completed', 'No', '2025-07-01 09:48:00', '09:53:00', '09:58:00'),
(32, 2, 5, 32, 'Angela Torres', 'Completed', 'Yes', '2025-07-01 15:35:00', '15:37:00', '15:42:00'),
(33, 5, 4, 33, 'Lisa Jackson', 'Completed', 'No', '2025-07-01 11:59:00', '12:04:00', '12:28:00'),
(34, 2, 5, 34, 'Mitchell Mills', 'Completed', 'No', '2025-07-01 14:42:00', '14:45:00', '14:51:00'),
(35, 5, 4, 35, 'Ruth Wilson MD', 'Completed', 'No', '2025-07-01 09:15:00', '09:17:00', '09:40:00'),
(36, 3, 2, 36, 'Lindsey Johnson', 'Completed', 'Yes', '2025-07-01 17:35:00', '17:37:00', '17:42:00'),
(37, 2, 5, 37, 'Andrew Howe', 'Completed', 'Yes', '2025-07-01 09:45:00', '09:46:00', '09:50:00'),
(38, 1, 1, 38, 'Richard Lee', 'Completed', 'Yes', '2025-07-01 13:04:00', '13:09:00', '13:16:00'),
(39, 3, 2, 39, 'Brittany Lucero', 'Completed', 'No', '2025-07-01 11:34:00', '11:36:00', '11:41:00'),
(40, 5, 4, 40, 'Michael Jenkins', 'Completed', 'No', '2025-07-01 11:50:00', '11:54:00', '12:19:00'),
(41, 4, 3, 41, 'Sylvia Campbell', 'Completed', 'Yes', '2025-07-01 09:06:00', '09:10:00', '09:25:00'),
(42, 4, 3, 42, 'Robert Hendricks', 'Completed', 'No', '2025-07-01 15:55:00', '15:56:00', '16:13:00'),
(43, 1, 1, 43, 'Tricia Rich', 'Completed', 'Yes', '2025-07-01 14:46:00', '14:49:00', '14:54:00'),
(44, 1, 1, 44, 'Kimberly Vasquez', 'Completed', 'Yes', '2025-07-01 11:12:00', '11:17:00', '11:21:00'),
(45, 2, 5, 45, 'Ariel Andersen', 'Completed', 'No', '2025-07-01 10:17:00', '10:21:00', '10:24:00'),
(46, 1, 1, 46, 'Christopher Estrada', 'Completed', 'No', '2025-07-01 16:06:00', '16:07:00', '16:14:00'),
(47, 5, 4, 47, 'Michelle Scott', 'Completed', 'Yes', '2025-07-01 09:59:00', '10:01:00', '10:27:00'),
(48, 4, 3, 48, 'Stacey Williamson', 'Completed', 'No', '2025-07-01 15:13:00', '15:17:00', '15:31:00'),
(49, 2, 5, 49, 'Melissa Weaver', 'Completed', 'No', '2025-07-01 08:24:00', '08:27:00', '08:31:00'),
(50, 4, 3, 50, 'Erin Thomas', 'Completed', 'No', '2025-07-01 14:44:00', '14:49:00', '15:06:00'),
(51, 2, 5, 1, 'Allison Ball', 'Completed', 'Yes', '2025-07-02 12:13:00', '12:14:00', '12:16:00'),
(52, 5, 4, 2, 'Teresa Smith', 'Completed', 'Yes', '2025-07-02 13:03:00', '13:04:00', '13:28:00'),
(53, 4, 3, 3, 'Matthew Romero', 'Completed', 'Yes', '2025-07-02 08:32:00', '08:33:00', '08:48:00'),
(54, 2, 5, 4, 'Carl Ferguson', 'Completed', 'Yes', '2025-07-02 17:04:00', '17:06:00', '17:10:00'),
(55, 1, 1, 5, 'Jessica Norris', 'Completed', 'Yes', '2025-07-02 17:38:00', '17:39:00', '17:43:00'),
(56, 1, 1, 6, 'Christopher Lin', 'Completed', 'No', '2025-07-02 17:36:00', '17:41:00', '17:48:00'),
(57, 3, 2, 7, 'Adam Kim', 'Completed', 'Yes', '2025-07-02 13:15:00', '13:18:00', '13:23:00'),
(58, 2, 5, 8, 'Joshua Barker', 'Completed', 'No', '2025-07-02 15:20:00', '15:21:00', '15:25:00'),
(59, 4, 3, 9, 'Christina Johnson', 'Completed', 'Yes', '2025-07-02 09:34:00', '09:36:00', '09:51:00'),
(60, 3, 2, 10, 'Joy Mendez', 'Completed', 'Yes', '2025-07-02 13:56:00', '13:57:00', '14:02:00'),
(61, 3, 2, 11, 'Tim George', 'Completed', 'No', '2025-07-02 10:28:00', '10:33:00', '10:38:00'),
(62, 3, 2, 12, 'Kelly Bell', 'Completed', 'Yes', '2025-07-02 16:19:00', '16:20:00', '16:25:00'),
(63, 3, 2, 13, 'Raven Webster', 'Completed', 'Yes', '2025-07-02 09:47:00', '09:52:00', '09:57:00'),
(64, 3, 2, 14, 'Brenda Perez', 'Completed', 'No', '2025-07-02 17:13:00', '17:16:00', '17:21:00'),
(65, 3, 2, 15, 'Sarah Walker', 'Completed', 'No', '2025-07-02 12:57:00', '12:58:00', '13:03:00'),
(66, 4, 3, 16, 'Ashley Schneider', 'Completed', 'No', '2025-07-02 08:00:00', '08:03:00', '08:18:00'),
(67, 2, 5, 17, 'George Allen', 'Completed', 'No', '2025-07-02 10:47:00', '10:51:00', '10:57:00'),
(68, 4, 3, 18, 'Deborah Patel', 'Completed', 'Yes', '2025-07-02 09:04:00', '09:06:00', '09:21:00'),
(69, 1, 1, 19, 'Aaron Curry', 'Completed', 'No', '2025-07-02 17:35:00', '17:37:00', '17:40:00'),
(70, 2, 5, 20, 'Christina Sullivan', 'Completed', 'Yes', '2025-07-02 12:23:00', '12:24:00', '12:28:00'),
(71, 2, 5, 21, 'Danielle Paul', 'Completed', 'Yes', '2025-07-02 09:22:00', '09:27:00', '09:29:00'),
(72, 4, 3, 22, 'Michael Hawkins', 'Completed', 'Yes', '2025-07-02 11:55:00', '11:57:00', '12:13:00'),
(73, 2, 5, 23, 'Randy Pace', 'Completed', 'No', '2025-07-02 08:11:00', '08:14:00', '08:17:00'),
(74, 4, 3, 24, 'Emily Graham', 'Completed', 'Yes', '2025-07-02 12:10:00', '12:11:00', '12:24:00'),
(75, 1, 1, 25, 'Susan Benson', 'Completed', 'No', '2025-07-02 11:12:00', '11:16:00', '11:20:00'),
(76, 3, 2, 26, 'Dr. Christopher Kelley', 'Completed', 'Yes', '2025-07-02 11:01:00', '11:03:00', '11:08:00'),
(77, 3, 2, 27, 'Christine King', 'Completed', 'No', '2025-07-02 09:49:00', '09:52:00', '09:57:00'),
(78, 5, 4, 28, 'Luis Richard', 'Completed', 'No', '2025-07-02 16:21:00', '16:22:00', '16:47:00'),
(79, 3, 2, 29, 'Elaine Stephenson', 'Completed', 'Yes', '2025-07-02 17:16:00', '17:17:00', '17:22:00'),
(80, 5, 4, 30, 'Judy Harris', 'Completed', 'No', '2025-07-02 13:46:00', '13:49:00', '14:15:00'),
(81, 5, 4, 31, 'Thomas Long', 'Completed', 'Yes', '2025-07-02 14:57:00', '15:02:00', '15:25:00'),
(82, 3, 2, 32, 'Mary Johnson', 'Completed', 'Yes', '2025-07-02 14:00:00', '14:05:00', '14:10:00'),
(83, 5, 4, 33, 'Douglas Jackson', 'Completed', 'Yes', '2025-07-02 13:27:00', '13:28:00', '13:54:00'),
(84, 3, 2, 34, 'Cheryl Terry', 'Completed', 'No', '2025-07-02 09:46:00', '09:49:00', '09:54:00'),
(85, 3, 2, 35, 'William Ford', 'Completed', 'No', '2025-07-02 13:25:00', '13:28:00', '13:33:00'),
(86, 2, 5, 36, 'Rhonda Shields PhD', 'Completed', 'Yes', '2025-07-02 14:42:00', '14:46:00', '14:50:00'),
(87, 2, 5, 37, 'Eric Park', 'Completed', 'No', '2025-07-02 14:35:00', '14:36:00', '14:40:00'),
(88, 3, 2, 38, 'Rhonda Martin', 'Completed', 'Yes', '2025-07-02 14:50:00', '14:55:00', '15:00:00'),
(89, 3, 2, 39, 'Michael Curry', 'Completed', 'No', '2025-07-02 15:28:00', '15:30:00', '15:35:00'),
(90, 4, 3, 40, 'Margaret Rodriguez', 'Completed', 'Yes', '2025-07-02 09:18:00', '09:23:00', '09:40:00'),
(91, 5, 4, 41, 'Isabella Anderson', 'Completed', 'No', '2025-07-02 09:52:00', '09:54:00', '10:19:00'),
(92, 3, 2, 42, 'Paul Huffman', 'Completed', 'Yes', '2025-07-02 11:09:00', '11:10:00', '11:15:00'),
(93, 2, 5, 43, 'Michael Williams', 'Completed', 'No', '2025-07-02 17:54:00', '17:55:00', '17:57:00'),
(94, 4, 3, 44, 'Adam Velez', 'Completed', 'Yes', '2025-07-02 14:31:00', '14:35:00', '14:50:00'),
(95, 2, 5, 45, 'Brian Holt', 'Completed', 'Yes', '2025-07-02 09:49:00', '09:53:00', '09:55:00'),
(96, 5, 4, 1, 'Anthony Howell', 'Completed', 'No', '2025-07-03 08:35:00', '08:37:00', '09:02:00'),
(97, 1, 1, 2, 'Brian Newton', 'Completed', 'No', '2025-07-03 10:51:00', '10:55:00', '11:02:00'),
(98, 5, 4, 3, 'Douglas Wallace', 'Completed', 'No', '2025-07-03 15:39:00', '15:44:00', '16:10:00'),
(99, 5, 4, 4, 'Michael Roy', 'Completed', 'No', '2025-07-03 10:47:00', '10:51:00', '11:16:00'),
(100, 3, 2, 5, 'Russell Carlson', 'Completed', 'Yes', '2025-07-03 12:49:00', '12:54:00', '12:59:00'),
(101, 2, 5, 6, 'Robert Ruiz', 'Completed', 'No', '2025-07-03 15:04:00', '15:07:00', '15:11:00'),
(102, 3, 2, 7, 'Cathy Gallegos', 'Completed', 'No', '2025-07-03 13:57:00', '14:02:00', '14:07:00'),
(103, 2, 5, 8, 'Dr. Stephanie Carter', 'Completed', 'Yes', '2025-07-03 11:24:00', '11:26:00', '11:31:00'),
(104, 2, 5, 9, 'Mark Mack', 'Completed', 'Yes', '2025-07-03 14:26:00', '14:29:00', '14:34:00'),
(105, 4, 3, 10, 'Kenneth Peters', 'Completed', 'No', '2025-07-03 08:13:00', '08:17:00', '08:32:00'),
(106, 5, 4, 11, 'Brianna Alvarado', 'Completed', 'Yes', '2025-07-03 17:24:00', '17:28:00', '17:52:00'),
(107, 3, 2, 12, 'Danielle Bryant', 'Completed', 'No', '2025-07-03 14:54:00', '14:58:00', '15:03:00'),
(108, 5, 4, 13, 'Mitchell Adams', 'Completed', 'Yes', '2025-07-03 15:14:00', '15:17:00', '15:42:00'),
(109, 4, 3, 14, 'Jason Jackson', 'Completed', 'Yes', '2025-07-03 14:21:00', '14:25:00', '14:40:00'),
(110, 2, 5, 15, 'Charles Snow', 'Completed', 'No', '2025-07-03 10:39:00', '10:44:00', '10:48:00'),
(111, 4, 3, 16, 'Kimberly Whitney', 'Completed', 'Yes', '2025-07-03 09:41:00', '09:45:00', '10:01:00'),
(112, 4, 3, 17, 'Jessica Kemp', 'Completed', 'Yes', '2025-07-03 08:16:00', '08:20:00', '08:35:00'),
(113, 2, 5, 18, 'Michael Ramirez', 'Completed', 'No', '2025-07-03 13:21:00', '13:25:00', '13:29:00'),
(114, 4, 3, 19, 'Kimberly Russell', 'Completed', 'No', '2025-07-03 09:30:00', '09:31:00', '09:48:00'),
(115, 5, 4, 20, 'Dr. Holly Shea MD', 'Completed', 'Yes', '2025-07-03 13:14:00', '13:15:00', '13:41:00'),
(116, 1, 1, 21, 'Gina Smith', 'Completed', 'Yes', '2025-07-03 11:12:00', '11:13:00', '11:18:00'),
(117, 2, 5, 22, 'Linda Davis', 'Completed', 'Yes', '2025-07-03 10:30:00', '10:31:00', '10:33:00'),
(118, 2, 5, 23, 'Zachary Petersen', 'Completed', 'No', '2025-07-03 12:49:00', '12:52:00', '12:56:00'),
(119, 5, 4, 24, 'Connie Hartman', 'Completed', 'Yes', '2025-07-03 10:19:00', '10:20:00', '10:45:00'),
(120, 1, 1, 25, 'Wanda Reynolds', 'Completed', 'No', '2025-07-03 17:43:00', '17:47:00', '17:52:00'),
(121, 2, 5, 26, 'Rhonda Fisher', 'Completed', 'Yes', '2025-07-03 17:44:00', '17:46:00', '17:50:00'),
(122, 3, 2, 27, 'Shelia Chen', 'Completed', 'Yes', '2025-07-03 17:50:00', '17:51:00', '17:56:00'),
(123, 5, 4, 28, 'Gary Watson', 'Completed', 'No', '2025-07-03 13:04:00', '13:09:00', '13:33:00'),
(124, 3, 2, 29, 'Deborah Zuniga', 'Completed', 'Yes', '2025-07-03 14:52:00', '14:56:00', '15:01:00'),
(125, 4, 3, 30, 'Edward Miller', 'Completed', 'No', '2025-07-03 15:45:00', '15:47:00', '16:01:00'),
(126, 2, 5, 31, 'Ronald Navarro', 'Completed', 'No', '2025-07-03 17:51:00', '17:56:00', '18:01:00'),
(127, 4, 3, 32, 'Stephanie Russell', 'Completed', 'No', '2025-07-03 14:52:00', '14:57:00', '15:14:00'),
(128, 3, 2, 33, 'Alexa Herrera', 'Completed', 'Yes', '2025-07-03 09:17:00', '09:21:00', '09:26:00'),
(129, 4, 3, 34, 'Christopher Holder', 'Completed', 'No', '2025-07-03 13:01:00', '13:05:00', '13:20:00'),
(130, 3, 2, 35, 'Tracy Jones', 'Completed', 'Yes', '2025-07-03 15:13:00', '15:16:00', '15:21:00'),
(131, 3, 2, 1, 'Latasha Knight', 'Completed', 'No', '2025-07-04 17:44:00', '17:47:00', '17:52:00'),
(132, 1, 1, 2, 'Yvonne Khan', 'Completed', 'Yes', '2025-07-04 09:15:00', '09:19:00', '09:24:00'),
(133, 5, 4, 3, 'Kelsey Coleman', 'Completed', 'Yes', '2025-07-04 15:41:00', '15:45:00', '16:10:00'),
(134, 1, 1, 4, 'Eric Maldonado', 'Completed', 'Yes', '2025-07-04 12:14:00', '12:18:00', '12:25:00'),
(135, 2, 5, 5, 'Lisa Franco', 'Completed', 'No', '2025-07-04 17:23:00', '17:27:00', '17:29:00'),
(136, 5, 4, 6, 'Daniel Schroeder', 'Completed', 'No', '2025-07-04 14:47:00', '14:52:00', '15:15:00'),
(137, 3, 2, 7, 'Timothy Jones', 'Completed', 'No', '2025-07-04 12:19:00', '12:22:00', '12:27:00'),
(138, 1, 1, 8, 'Andrew Mcpherson', 'Completed', 'Yes', '2025-07-04 13:07:00', '13:12:00', '13:17:00'),
(139, 2, 5, 9, 'Michael Guzman', 'Completed', 'Yes', '2025-07-04 11:47:00', '11:51:00', '11:54:00'),
(140, 5, 4, 10, 'Dennis Robinson', 'Completed', 'No', '2025-07-04 09:53:00', '09:55:00', '10:20:00'),
(141, 2, 5, 11, 'Hunter Morgan', 'Completed', 'No', '2025-07-04 10:19:00', '10:20:00', '10:24:00'),
(142, 5, 4, 12, 'Traci Summers', 'Completed', 'Yes', '2025-07-04 12:02:00', '12:03:00', '12:29:00'),
(143, 3, 2, 13, 'Matthew Mccarthy', 'Completed', 'Yes', '2025-07-04 15:06:00', '15:07:00', '15:12:00'),
(144, 3, 2, 14, 'Samantha Montoya', 'Completed', 'No', '2025-07-04 15:28:00', '15:31:00', '15:36:00'),
(145, 1, 1, 15, 'Richard Lopez', 'Completed', 'No', '2025-07-04 15:07:00', '15:08:00', '15:13:00'),
(146, 4, 3, 16, 'Joan Moore', 'Completed', 'Yes', '2025-07-04 17:40:00', '17:41:00', '17:56:00'),
(147, 2, 5, 17, 'Erik Singh', 'Completed', 'No', '2025-07-04 09:15:00', '09:16:00', '09:21:00'),
(148, 4, 3, 18, 'Joseph Sanchez', 'Completed', 'Yes', '2025-07-04 16:24:00', '16:28:00', '16:43:00'),
(149, 3, 2, 19, 'Paul Espinoza', 'Completed', 'No', '2025-07-04 12:36:00', '12:41:00', '12:46:00'),
(150, 5, 4, 20, 'John Williams', 'Completed', 'Yes', '2025-07-04 11:40:00', '11:42:00', '12:07:00'),
(151, 1, 1, 21, 'Kathleen Delgado', 'Completed', 'Yes', '2025-07-04 11:11:00', '11:16:00', '11:23:00'),
(152, 2, 5, 22, 'Angela Malone MD', 'Completed', 'Yes', '2025-07-04 14:28:00', '14:33:00', '14:39:00'),
(153, 3, 2, 23, 'Crystal Bailey', 'Completed', 'Yes', '2025-07-04 11:18:00', '11:21:00', '11:26:00'),
(154, 4, 3, 24, 'Michelle Sanchez', 'Completed', 'Yes', '2025-07-04 11:59:00', '12:02:00', '12:18:00'),
(155, 5, 4, 25, 'Michael Lee', 'Completed', 'Yes', '2025-07-04 14:07:00', '14:12:00', '14:37:00'),
(156, 2, 5, 26, 'Kimberly Hicks', 'Completed', 'No', '2025-07-04 10:04:00', '10:05:00', '10:09:00'),
(157, 3, 2, 27, 'Johnny Johnson', 'Completed', 'No', '2025-07-04 15:07:00', '15:11:00', '15:16:00'),
(158, 3, 2, 28, 'Alexis Johnson', 'Completed', 'No', '2025-07-04 12:32:00', '12:37:00', '12:42:00'),
(159, 4, 3, 29, 'Brett Gibson', 'Completed', 'Yes', '2025-07-04 17:02:00', '17:06:00', '17:20:00'),
(160, 3, 2, 30, 'Robert Smith', 'Completed', 'No', '2025-07-04 08:05:00', '08:07:00', '08:12:00'),
(161, 5, 4, 31, 'Catherine Clark', 'Completed', 'Yes', '2025-07-04 12:36:00', '12:37:00', '13:04:00'),
(162, 2, 5, 32, 'Mary Chandler', 'Completed', 'No', '2025-07-04 16:41:00', '16:45:00', '16:47:00'),
(163, 2, 5, 33, 'Michael White', 'Completed', 'No', '2025-07-04 15:05:00', '15:09:00', '15:12:00'),
(164, 4, 3, 34, 'Ann Gomez', 'Completed', 'No', '2025-07-04 13:42:00', '13:43:00', '13:59:00'),
(165, 2, 5, 35, 'Andres Richards', 'Completed', 'No', '2025-07-04 14:44:00', '14:48:00', '14:51:00'),
(166, 4, 3, 36, 'Denise Harris', 'Completed', 'Yes', '2025-07-04 15:05:00', '15:08:00', '15:24:00'),
(167, 3, 2, 37, 'Holly Roberson', 'Completed', 'Yes', '2025-07-04 14:55:00', '15:00:00', '15:05:00'),
(168, 1, 1, 38, 'Susan Diaz', 'Completed', 'No', '2025-07-04 14:03:00', '14:05:00', '14:11:00'),
(169, 5, 4, 1, 'Debra Robbins', 'Completed', 'No', '2025-07-07 15:48:00', '15:49:00', '16:15:00'),
(170, 3, 2, 2, 'Shawn Mendoza', 'Completed', 'Yes', '2025-07-07 12:28:00', '12:32:00', '12:37:00'),
(171, 1, 1, 3, 'Alyssa Jones', 'Completed', 'Yes', '2025-07-07 10:19:00', '10:24:00', '10:27:00'),
(172, 5, 4, 4, 'Kelsey Bowman', 'Completed', 'No', '2025-07-07 09:14:00', '09:15:00', '09:39:00'),
(173, 1, 1, 5, 'Sandra Burns', 'Completed', 'Yes', '2025-07-07 15:59:00', '16:02:00', '16:06:00'),
(174, 3, 2, 6, 'Paige Mcguire', 'Completed', 'No', '2025-07-07 15:30:00', '15:32:00', '15:37:00'),
(175, 5, 4, 7, 'Ariel Baker', 'Completed', 'Yes', '2025-07-07 14:12:00', '14:17:00', '14:40:00'),
(176, 2, 5, 8, 'Tracey Ford', 'Completed', 'Yes', '2025-07-07 12:49:00', '12:53:00', '12:55:00'),
(177, 5, 4, 9, 'Miguel George', 'Completed', 'No', '2025-07-07 08:18:00', '08:21:00', '08:44:00'),
(178, 5, 4, 10, 'Daniel Palmer', 'Completed', 'No', '2025-07-07 10:28:00', '10:33:00', '10:58:00'),
(179, 3, 2, 11, 'Miranda Taylor', 'Completed', 'No', '2025-07-07 16:48:00', '16:53:00', '16:58:00'),
(180, 4, 3, 12, 'Judy Gonzalez', 'Completed', 'No', '2025-07-07 11:44:00', '11:46:00', '11:59:00'),
(181, 4, 3, 13, 'Candice Swanson', 'Completed', 'Yes', '2025-07-07 14:02:00', '14:05:00', '14:18:00'),
(182, 4, 3, 14, 'Elizabeth Soto', 'Completed', 'No', '2025-07-07 14:42:00', '14:44:00', '15:01:00'),
(183, 1, 1, 15, 'Stacy Simmons', 'Completed', 'Yes', '2025-07-07 16:37:00', '16:40:00', '16:45:00'),
(184, 1, 1, 16, 'Clinton Hoffman', 'Completed', 'No', '2025-07-07 09:33:00', '09:37:00', '09:42:00'),
(185, 2, 5, 17, 'Tim Russell', 'Completed', 'No', '2025-07-07 10:04:00', '10:08:00', '10:14:00'),
(186, 3, 2, 18, 'Kathryn Sanchez', 'Completed', 'No', '2025-07-07 17:44:00', '17:48:00', '17:53:00'),
(187, 1, 1, 19, 'Kevin Myers', 'Completed', 'No', '2025-07-07 16:24:00', '16:27:00', '16:30:00'),
(188, 4, 3, 20, 'Steven Smith', 'Completed', 'Yes', '2025-07-07 17:04:00', '17:06:00', '17:21:00'),
(189, 3, 2, 21, 'Mary Johnson MD', 'Completed', 'Yes', '2025-07-07 09:27:00', '09:28:00', '09:33:00'),
(190, 1, 1, 22, 'Johnathan Green', 'Completed', 'No', '2025-07-07 10:44:00', '10:47:00', '10:51:00'),
(191, 1, 1, 23, 'Nichole Clarke', 'Completed', 'No', '2025-07-07 08:18:00', '08:21:00', '08:24:00'),
(192, 4, 3, 24, 'Savannah Williams', 'Completed', 'Yes', '2025-07-07 11:33:00', '11:37:00', '11:53:00'),
(193, 2, 5, 25, 'John Johnston', 'Completed', 'Yes', '2025-07-07 10:05:00', '10:10:00', '10:14:00'),
(194, 4, 3, 26, 'Marcus Figueroa', 'Completed', 'Yes', '2025-07-07 15:58:00', '16:03:00', '16:18:00'),
(195, 2, 5, 27, 'Brittany Campbell', 'Completed', 'No', '2025-07-07 12:29:00', '12:32:00', '12:35:00'),
(196, 1, 1, 28, 'Jared Young', 'Completed', 'No', '2025-07-07 12:43:00', '12:48:00', '12:52:00'),
(197, 1, 1, 29, 'Kenneth Washington MD', 'Completed', 'No', '2025-07-07 13:37:00', '13:40:00', '13:46:00'),
(198, 4, 3, 30, 'Jeffrey Santiago', 'Completed', 'No', '2025-07-07 15:54:00', '15:57:00', '16:12:00'),
(199, 4, 3, 31, 'Ruth Green', 'Completed', 'No', '2025-07-07 09:15:00', '09:19:00', '09:34:00'),
(200, 3, 2, 32, 'Barbara Brown', 'Completed', 'No', '2025-07-07 12:01:00', '12:05:00', '12:10:00'),
(201, 1, 1, 33, 'Stacey Lucas', 'Completed', 'Yes', '2025-07-07 17:47:00', '17:51:00', '17:55:00'),
(202, 3, 2, 34, 'Denise Rasmussen', 'Completed', 'Yes', '2025-07-07 17:51:00', '17:54:00', '17:59:00'),
(203, 2, 5, 35, 'Kimberly Reid', 'Completed', 'No', '2025-07-07 10:40:00', '10:41:00', '10:45:00'),
(204, 1, 1, 36, 'Jason Gonzalez', 'Completed', 'No', '2025-07-07 15:02:00', '15:07:00', '15:14:00'),
(205, 2, 5, 37, 'Lisa Moore', 'Completed', 'Yes', '2025-07-07 12:20:00', '12:24:00', '12:27:00'),
(206, 2, 5, 38, 'Andrew Pope', 'Completed', 'Yes', '2025-07-07 16:56:00', '16:59:00', '17:01:00'),
(207, 5, 4, 39, 'Wanda Kelly', 'Completed', 'No', '2025-07-07 10:16:00', '10:20:00', '10:43:00'),
(208, 3, 2, 40, 'Ryan Lynch Jr.', 'Completed', 'No', '2025-07-07 09:29:00', '09:30:00', '09:35:00'),
(209, 2, 5, 41, 'Chelsea Moore', 'Completed', 'No', '2025-07-07 16:23:00', '16:24:00', '16:28:00'),
(210, 1, 1, 1, 'Connor Fuentes', 'Completed', 'No', '2025-07-08 16:07:00', '16:11:00', '16:18:00'),
(211, 3, 2, 2, 'Julia Hodges', 'Completed', 'No', '2025-07-08 13:06:00', '13:08:00', '13:13:00'),
(212, 1, 1, 3, 'Dr. Christina Gill', 'Completed', 'No', '2025-07-08 17:14:00', '17:15:00', '17:22:00'),
(213, 4, 3, 4, 'Joe Brown', 'Completed', 'No', '2025-07-08 14:07:00', '14:09:00', '14:24:00'),
(214, 1, 1, 5, 'Margaret Shea', 'Completed', 'No', '2025-07-08 15:07:00', '15:08:00', '15:13:00'),
(215, 5, 4, 6, 'John Mitchell', 'Completed', 'Yes', '2025-07-08 14:29:00', '14:32:00', '14:59:00'),
(216, 5, 4, 7, 'Antonio Simon', 'Completed', 'No', '2025-07-08 17:47:00', '17:49:00', '18:14:00'),
(217, 1, 1, 8, 'Ruben Rodriguez', 'Completed', 'No', '2025-07-08 17:26:00', '17:29:00', '17:34:00'),
(218, 3, 2, 9, 'Jason Martin', 'Completed', 'Yes', '2025-07-08 15:28:00', '15:30:00', '15:35:00'),
(219, 3, 2, 10, 'Nicholas Ware', 'Completed', 'Yes', '2025-07-08 13:34:00', '13:37:00', '13:42:00'),
(220, 4, 3, 11, 'Corey Barker', 'Completed', 'No', '2025-07-08 11:07:00', '11:11:00', '11:25:00'),
(221, 2, 5, 12, 'Alexandra Crawford', 'Completed', 'Yes', '2025-07-08 08:50:00', '08:53:00', '08:58:00'),
(222, 2, 5, 13, 'Sheri Benton', 'Completed', 'Yes', '2025-07-08 09:53:00', '09:58:00', '10:02:00'),
(223, 5, 4, 14, 'Philip Avery', 'Completed', 'Yes', '2025-07-08 11:21:00', '11:23:00', '11:47:00'),
(224, 5, 4, 15, 'Glenn Martinez', 'Completed', 'Yes', '2025-07-08 12:54:00', '12:56:00', '13:21:00'),
(225, 5, 4, 16, 'Douglas Simpson', 'Completed', 'No', '2025-07-08 10:07:00', '10:08:00', '10:33:00'),
(226, 1, 1, 17, 'Mrs. Latoya Henson', 'Completed', 'No', '2025-07-08 11:37:00', '11:40:00', '11:45:00'),
(227, 2, 5, 18, 'Jennifer Leon', 'Completed', 'No', '2025-07-08 08:08:00', '08:12:00', '08:17:00'),
(228, 1, 1, 19, 'Scott Padilla', 'Completed', 'Yes', '2025-07-08 15:28:00', '15:31:00', '15:37:00'),
(229, 5, 4, 20, 'Joseph Palmer', 'Completed', 'Yes', '2025-07-08 15:32:00', '15:34:00', '16:00:00'),
(230, 1, 1, 21, 'Thomas Greene', 'Completed', 'No', '2025-07-08 15:41:00', '15:42:00', '15:47:00'),
(231, 4, 3, 22, 'Michelle Mccoy', 'Completed', 'No', '2025-07-08 14:43:00', '14:44:00', '14:59:00'),
(232, 4, 3, 23, 'Michael Hunter', 'Completed', 'Yes', '2025-07-08 09:20:00', '09:25:00', '09:40:00'),
(233, 1, 1, 24, 'Rickey Rojas', 'Completed', 'Yes', '2025-07-08 12:39:00', '12:44:00', '12:50:00'),
(234, 3, 2, 25, 'Mark Green', 'Completed', 'No', '2025-07-08 17:33:00', '17:36:00', '17:41:00'),
(235, 5, 4, 26, 'Jennifer Bolton', 'Completed', 'No', '2025-07-08 09:50:00', '09:51:00', '10:16:00'),
(236, 5, 4, 27, 'Sara Barrett', 'Completed', 'Yes', '2025-07-08 14:28:00', '14:30:00', '14:55:00'),
(237, 3, 2, 28, 'Karen Martinez', 'Completed', 'No', '2025-07-08 14:26:00', '14:27:00', '14:32:00'),
(238, 4, 3, 29, 'Rick Gonzalez', 'Completed', 'No', '2025-07-08 12:23:00', '12:25:00', '12:40:00'),
(239, 4, 3, 30, 'Corey Taylor', 'Completed', 'Yes', '2025-07-08 09:53:00', '09:54:00', '10:09:00'),
(240, 4, 3, 31, 'Mary Pham', 'Completed', 'Yes', '2025-07-08 13:51:00', '13:53:00', '14:07:00'),
(241, 1, 1, 32, 'Rebecca Berg', 'Completed', 'No', '2025-07-08 09:26:00', '09:29:00', '09:36:00'),
(242, 4, 3, 33, 'Patrick Robertson', 'Completed', 'Yes', '2025-07-08 12:38:00', '12:41:00', '12:54:00'),
(243, 1, 1, 34, 'Todd Hanson', 'Completed', 'Yes', '2025-07-08 10:42:00', '10:46:00', '10:51:00'),
(244, 1, 1, 35, 'Richard Powers', 'Completed', 'No', '2025-07-08 16:23:00', '16:24:00', '16:29:00'),
(245, 3, 2, 36, 'Jeffrey Jefferson', 'Completed', 'Yes', '2025-07-08 14:54:00', '14:59:00', '15:04:00'),
(246, 5, 4, 37, 'John Gilbert', 'Completed', 'Yes', '2025-07-08 17:59:00', '18:02:00', '18:27:00'),
(247, 2, 5, 38, 'Joshua Greene', 'Completed', 'No', '2025-07-08 12:58:00', '13:01:00', '13:05:00'),
(248, 1, 1, 39, 'Wanda Williams', 'Completed', 'Yes', '2025-07-08 10:36:00', '10:40:00', '10:44:00'),
(249, 2, 5, 40, 'Parker Jones', 'Completed', 'Yes', '2025-07-08 09:47:00', '09:52:00', '09:56:00'),
(250, 4, 3, 41, 'Ashley Weaver MD', 'Completed', 'No', '2025-07-08 15:21:00', '15:23:00', '15:36:00'),
(251, 3, 2, 42, 'Lisa Massey', 'Completed', 'No', '2025-07-08 17:38:00', '17:39:00', '17:44:00'),
(252, 2, 5, 1, 'Paula Carney', 'Completed', 'Yes', '2025-07-09 09:17:00', '09:21:00', '09:25:00'),
(253, 4, 3, 2, 'Angela Hughes', 'Completed', 'No', '2025-07-09 17:28:00', '17:32:00', '17:49:00'),
(254, 2, 5, 3, 'Christina Flores', 'Completed', 'Yes', '2025-07-09 13:27:00', '13:28:00', '13:34:00'),
(255, 5, 4, 4, 'Mary Gibson', 'Completed', 'No', '2025-07-09 16:42:00', '16:45:00', '17:12:00'),
(256, 2, 5, 5, 'Terry Zuniga', 'Completed', 'No', '2025-07-09 17:03:00', '17:04:00', '17:07:00'),
(257, 3, 2, 6, 'Michael Webb', 'Completed', 'Yes', '2025-07-09 10:48:00', '10:51:00', '10:56:00'),
(258, 3, 2, 7, 'Lisa Brooks', 'Completed', 'Yes', '2025-07-09 08:31:00', '08:35:00', '08:40:00'),
(259, 2, 5, 8, 'David Ramos', 'Completed', 'No', '2025-07-09 16:45:00', '16:47:00', '16:51:00'),
(260, 5, 4, 9, 'Heather Walker', 'Completed', 'No', '2025-07-09 09:25:00', '09:26:00', '09:51:00'),
(261, 1, 1, 10, 'Roger Villa', 'Completed', 'No', '2025-07-09 09:55:00', '09:58:00', '10:01:00'),
(262, 4, 3, 11, 'Kathy Farmer', 'Completed', 'No', '2025-07-09 14:18:00', '14:19:00', '14:35:00'),
(263, 1, 1, 12, 'Sean Fernandez', 'Completed', 'No', '2025-07-09 10:51:00', '10:56:00', '11:01:00'),
(264, 3, 2, 13, 'Kimberly Bernard', 'Completed', 'Yes', '2025-07-09 14:54:00', '14:55:00', '15:00:00'),
(265, 4, 3, 14, 'Edward Davis', 'Completed', 'No', '2025-07-09 16:05:00', '16:09:00', '16:24:00'),
(266, 3, 2, 15, 'Thomas Pham', 'Completed', 'No', '2025-07-09 11:21:00', '11:23:00', '11:28:00'),
(267, 5, 4, 16, 'Megan Carr', 'Completed', 'Yes', '2025-07-09 16:32:00', '16:34:00', '16:57:00'),
(268, 3, 2, 17, 'Kathryn Ward', 'Completed', 'No', '2025-07-09 10:15:00', '10:16:00', '10:21:00'),
(269, 3, 2, 18, 'Nicholas White', 'Completed', 'Yes', '2025-07-09 10:38:00', '10:40:00', '10:45:00'),
(270, 1, 1, 19, 'Brenda Gray', 'Completed', 'Yes', '2025-07-09 15:29:00', '15:34:00', '15:41:00'),
(271, 5, 4, 20, 'Michelle Smith', 'Completed', 'No', '2025-07-09 17:41:00', '17:46:00', '18:11:00'),
(272, 3, 2, 21, 'Jamie Sims', 'Completed', 'Yes', '2025-07-09 15:04:00', '15:08:00', '15:13:00'),
(273, 3, 2, 22, 'Derek Morgan', 'Completed', 'No', '2025-07-09 17:03:00', '17:06:00', '17:11:00'),
(274, 1, 1, 23, 'Jane Meyer', 'Completed', 'No', '2025-07-09 15:28:00', '15:29:00', '15:36:00'),
(275, 3, 2, 24, 'Amber Harris', 'Completed', 'No', '2025-07-09 09:41:00', '09:42:00', '09:47:00'),
(276, 5, 4, 25, 'Tracy Kline', 'Completed', 'No', '2025-07-09 15:37:00', '15:42:00', '16:07:00'),
(277, 1, 1, 26, 'Joshua Palmer', 'Completed', 'No', '2025-07-09 17:41:00', '17:43:00', '17:48:00'),
(278, 5, 4, 27, 'Kelly Edwards', 'Completed', 'No', '2025-07-09 16:09:00', '16:10:00', '16:34:00'),
(279, 1, 1, 28, 'Terry Reid', 'Completed', 'No', '2025-07-09 09:32:00', '09:34:00', '09:39:00'),
(280, 2, 5, 29, 'Annette Kennedy', 'Completed', 'No', '2025-07-09 15:33:00', '15:38:00', '15:42:00'),
(281, 2, 5, 30, 'Scott Leonard', 'Completed', 'No', '2025-07-09 13:58:00', '14:01:00', '14:05:00'),
(282, 4, 3, 31, 'Jessica Garcia', 'Completed', 'No', '2025-07-09 17:03:00', '17:06:00', '17:21:00'),
(283, 3, 2, 32, 'Stephanie Walker', 'Completed', 'Yes', '2025-07-09 16:43:00', '16:47:00', '16:52:00'),
(284, 3, 2, 33, 'Christopher Burnett', 'Completed', 'Yes', '2025-07-09 13:05:00', '13:10:00', '13:15:00'),
(285, 2, 5, 34, 'Jennifer Evans', 'Completed', 'No', '2025-07-09 12:41:00', '12:45:00', '12:50:00'),
(286, 1, 1, 1, 'Alexandra Cruz', 'Completed', 'No', '2025-07-10 16:24:00', '16:27:00', '16:33:00'),
(287, 2, 5, 2, 'Jacob Manning', 'Completed', 'Yes', '2025-07-10 14:32:00', '14:35:00', '14:40:00'),
(288, 3, 2, 3, 'John Berry', 'Completed', 'No', '2025-07-10 10:13:00', '10:16:00', '10:21:00'),
(289, 4, 3, 4, 'Justin Compton', 'Completed', 'Yes', '2025-07-10 11:08:00', '11:10:00', '11:27:00'),
(290, 3, 2, 5, 'Tyler Schroeder', 'Completed', 'Yes', '2025-07-10 16:49:00', '16:54:00', '16:59:00'),
(291, 5, 4, 6, 'James Roth', 'Completed', 'Yes', '2025-07-10 13:56:00', '14:01:00', '14:25:00'),
(292, 5, 4, 7, 'Michael Williams', 'Completed', 'No', '2025-07-10 10:10:00', '10:12:00', '10:37:00'),
(293, 5, 4, 8, 'James Mosley', 'Completed', 'Yes', '2025-07-10 15:02:00', '15:06:00', '15:29:00'),
(294, 2, 5, 9, 'Jane Wright', 'Completed', 'No', '2025-07-10 17:18:00', '17:22:00', '17:26:00'),
(295, 5, 4, 10, 'Martin Cooper', 'Completed', 'Yes', '2025-07-10 12:51:00', '12:55:00', '13:21:00'),
(296, 2, 5, 11, 'Kelsey Hess', 'Completed', 'No', '2025-07-10 17:28:00', '17:32:00', '17:35:00'),
(297, 3, 2, 12, 'Melissa Solis', 'Completed', 'No', '2025-07-10 16:33:00', '16:37:00', '16:42:00'),
(298, 2, 5, 13, 'Kerry Clark', 'Completed', 'Yes', '2025-07-10 12:03:00', '12:07:00', '12:13:00'),
(299, 3, 2, 14, 'Joe Terry', 'Completed', 'Yes', '2025-07-10 16:54:00', '16:55:00', '17:00:00'),
(300, 1, 1, 15, 'Jason Garza', 'Completed', 'Yes', '2025-07-10 12:28:00', '12:33:00', '12:38:00'),
(301, 4, 3, 16, 'Jennifer Velazquez', 'Completed', 'Yes', '2025-07-10 11:52:00', '11:56:00', '12:13:00'),
(302, 1, 1, 17, 'Andrea Bryant', 'Completed', 'No', '2025-07-10 08:25:00', '08:30:00', '08:36:00'),
(303, 2, 5, 18, 'Cassandra Diaz', 'Completed', 'No', '2025-07-10 09:23:00', '09:25:00', '09:30:00'),
(304, 3, 2, 19, 'Leroy Williams', 'Completed', 'Yes', '2025-07-10 13:50:00', '13:52:00', '13:57:00'),
(305, 1, 1, 20, 'Michael Hunter', 'Completed', 'No', '2025-07-10 15:44:00', '15:46:00', '15:51:00'),
(306, 4, 3, 21, 'Debra Collins', 'Completed', 'No', '2025-07-10 17:00:00', '17:01:00', '17:17:00'),
(307, 3, 2, 22, 'Justin Hall', 'Completed', 'Yes', '2025-07-10 10:35:00', '10:40:00', '10:45:00'),
(308, 4, 3, 23, 'Hailey Mccoy', 'Completed', 'Yes', '2025-07-10 12:15:00', '12:18:00', '12:33:00'),
(309, 1, 1, 24, 'Kathryn Kim', 'Completed', 'Yes', '2025-07-10 14:40:00', '14:45:00', '14:52:00'),
(310, 1, 1, 25, 'David Sanchez', 'Completed', 'Yes', '2025-07-10 15:38:00', '15:43:00', '15:48:00'),
(311, 5, 4, 26, 'Heather Kirby', 'Completed', 'Yes', '2025-07-10 10:18:00', '10:22:00', '10:47:00'),
(312, 5, 4, 27, 'Eric Santana', 'Completed', 'No', '2025-07-10 11:36:00', '11:40:00', '12:04:00'),
(313, 1, 1, 28, 'Dr. Barbara Quinn', 'Completed', 'No', '2025-07-10 09:33:00', '09:38:00', '09:45:00'),
(314, 5, 4, 29, 'Charles Graham', 'Completed', 'Yes', '2025-07-10 14:55:00', '14:59:00', '15:22:00'),
(315, 4, 3, 30, 'Todd Davis DDS', 'Completed', 'No', '2025-07-10 12:47:00', '12:48:00', '13:02:00'),
(316, 1, 1, 31, 'Krystal Cobb', 'Completed', 'No', '2025-07-10 11:46:00', '11:47:00', '11:51:00'),
(317, 5, 4, 32, 'Phyllis Morrow', 'Completed', 'No', '2025-07-10 10:02:00', '10:05:00', '10:30:00'),
(318, 3, 2, 33, 'Joshua Morgan', 'Completed', 'Yes', '2025-07-10 15:44:00', '15:48:00', '15:53:00'),
(319, 2, 5, 34, 'Dr. Kimberly Weber', 'Completed', 'Yes', '2025-07-10 09:45:00', '09:49:00', '09:54:00'),
(320, 3, 2, 35, 'Carol Chapman', 'Completed', 'Yes', '2025-07-10 08:50:00', '08:52:00', '08:57:00'),
(321, 3, 2, 36, 'Kendra Vasquez', 'Completed', 'No', '2025-07-10 16:25:00', '16:30:00', '16:35:00'),
(322, 3, 2, 37, 'Eddie Burns', 'Completed', 'Yes', '2025-07-10 11:18:00', '11:21:00', '11:26:00'),
(323, 1, 1, 38, 'Dennis Montgomery', 'Completed', 'No', '2025-07-10 12:07:00', '12:10:00', '12:15:00'),
(324, 4, 3, 39, 'Brian Murphy', 'Completed', 'No', '2025-07-10 14:21:00', '14:23:00', '14:39:00'),
(325, 4, 3, 40, 'Steven Chavez', 'Completed', 'No', '2025-07-10 16:17:00', '16:18:00', '16:33:00'),
(326, 4, 3, 41, 'Amber Bell', 'Completed', 'Yes', '2025-07-10 14:38:00', '14:40:00', '14:55:00'),
(327, 3, 2, 42, 'Justin Garza', 'Completed', 'No', '2025-07-10 09:05:00', '09:08:00', '09:13:00'),
(328, 3, 2, 43, 'Jeremy Pitts', 'Completed', 'No', '2025-07-10 15:38:00', '15:42:00', '15:47:00'),
(329, 4, 3, 44, 'Beth Mercado', 'Completed', 'No', '2025-07-10 15:02:00', '15:05:00', '15:18:00'),
(330, 4, 3, 45, 'Tammy Hodges', 'Completed', 'No', '2025-07-10 08:04:00', '08:08:00', '08:22:00'),
(331, 5, 4, 46, 'Kelly Riddle', 'Completed', 'Yes', '2025-07-10 08:09:00', '08:14:00', '08:37:00'),
(332, 4, 3, 47, 'Dr. Raymond Lewis', 'Completed', 'Yes', '2025-07-10 10:04:00', '10:06:00', '10:21:00'),
(333, 3, 2, 48, 'Daniel Vega', 'Completed', 'No', '2025-07-10 14:36:00', '14:37:00', '14:42:00'),
(334, 2, 5, 49, 'Tina Walker', 'Completed', 'No', '2025-07-10 13:23:00', '13:27:00', '13:30:00'),
(335, 5, 4, 1, 'Chad Shea', 'Completed', 'Yes', '2025-07-11 16:23:00', '16:27:00', '16:50:00'),
(336, 3, 2, 2, 'Sandra Booth', 'Completed', 'Yes', '2025-07-11 09:01:00', '09:03:00', '09:08:00'),
(337, 5, 4, 3, 'Angela Burns', 'Completed', 'No', '2025-07-11 16:07:00', '16:10:00', '16:35:00'),
(338, 3, 2, 4, 'Joanne Forbes', 'Completed', 'No', '2025-07-11 11:39:00', '11:42:00', '11:47:00'),
(339, 4, 3, 5, 'William Thomas', 'Completed', 'Yes', '2025-07-11 09:08:00', '09:09:00', '09:25:00'),
(340, 2, 5, 6, 'Dr. Shawn Stafford', 'Completed', 'No', '2025-07-11 09:51:00', '09:54:00', '09:58:00'),
(341, 3, 2, 7, 'Nancy Parrish', 'Completed', 'Yes', '2025-07-11 16:34:00', '16:37:00', '16:42:00'),
(342, 2, 5, 8, 'Jesse Coffey', 'Completed', 'Yes', '2025-07-11 13:32:00', '13:34:00', '13:36:00'),
(343, 2, 5, 9, 'Eddie Davis', 'Completed', 'Yes', '2025-07-11 11:50:00', '11:54:00', '11:57:00'),
(344, 3, 2, 10, 'Ruth Price', 'Completed', 'No', '2025-07-11 15:51:00', '15:56:00', '16:01:00'),
(345, 5, 4, 11, 'Peter Brady', 'Completed', 'Yes', '2025-07-11 09:19:00', '09:23:00', '09:47:00'),
(346, 4, 3, 12, 'Anne Nash', 'Completed', 'No', '2025-07-11 14:52:00', '14:57:00', '15:10:00'),
(347, 2, 5, 13, 'Kimberly Rodriguez', 'Completed', 'No', '2025-07-11 09:28:00', '09:32:00', '09:36:00'),
(348, 5, 4, 14, 'Frank Smith', 'Completed', 'No', '2025-07-11 10:56:00', '11:01:00', '11:25:00'),
(349, 5, 4, 15, 'Connor Taylor', 'Completed', 'Yes', '2025-07-11 10:27:00', '10:32:00', '10:57:00'),
(350, 1, 1, 16, 'Larry Clarke', 'Completed', 'Yes', '2025-07-11 16:09:00', '16:12:00', '16:17:00'),
(351, 2, 5, 17, 'Kristen Jones', 'Completed', 'No', '2025-07-11 11:22:00', '11:27:00', '11:31:00'),
(352, 1, 1, 18, 'Gerald Moore', 'Completed', 'No', '2025-07-11 11:40:00', '11:45:00', '11:52:00'),
(353, 2, 5, 19, 'Brian Mendez', 'Completed', 'No', '2025-07-11 17:34:00', '17:35:00', '17:41:00'),
(354, 2, 5, 20, 'Donna Anderson', 'Completed', 'Yes', '2025-07-11 10:42:00', '10:47:00', '10:51:00'),
(355, 5, 4, 21, 'Ashley Mosley', 'Completed', 'No', '2025-07-11 17:02:00', '17:03:00', '17:28:00'),
(356, 1, 1, 22, 'Howard Giles', 'Completed', 'No', '2025-07-11 11:49:00', '11:54:00', '11:59:00'),
(357, 5, 4, 23, 'Crystal Williams', 'Completed', 'Yes', '2025-07-11 15:56:00', '16:01:00', '16:27:00'),
(358, 3, 2, 24, 'Benjamin Martinez', 'Completed', 'No', '2025-07-11 11:51:00', '11:55:00', '12:00:00'),
(359, 4, 3, 25, 'Derek Sutton', 'Completed', 'Yes', '2025-07-11 08:10:00', '08:14:00', '08:27:00'),
(360, 4, 3, 26, 'Kelly Thomas', 'Completed', 'No', '2025-07-11 11:21:00', '11:26:00', '11:41:00'),
(361, 3, 2, 27, 'David Martin', 'Completed', 'No', '2025-07-11 13:25:00', '13:27:00', '13:32:00'),
(362, 3, 2, 28, 'Jessica Crosby', 'Completed', 'Yes', '2025-07-11 13:15:00', '13:19:00', '13:24:00'),
(363, 3, 2, 29, 'Bryan Wilkerson', 'Completed', 'No', '2025-07-11 11:09:00', '11:10:00', '11:15:00'),
(364, 3, 2, 30, 'Emily Daniels', 'Completed', 'No', '2025-07-11 17:26:00', '17:28:00', '17:33:00'),
(365, 2, 5, 31, 'Jennifer Singh', 'Completed', 'No', '2025-07-11 17:46:00', '17:49:00', '17:51:00'),
(366, 2, 5, 32, 'Patrick Moon', 'Completed', 'No', '2025-07-11 16:29:00', '16:33:00', '16:37:00'),
(367, 1, 1, 1, 'Rachel Ramos', 'Completed', 'Yes', '2025-07-14 14:32:00', '14:36:00', '14:43:00'),
(368, 2, 5, 2, 'Diane Rodriguez', 'Completed', 'No', '2025-07-14 08:03:00', '08:06:00', '08:10:00'),
(369, 5, 4, 3, 'Sherry Ramos', 'Completed', 'No', '2025-07-14 12:34:00', '12:35:00', '12:58:00'),
(370, 1, 1, 4, 'Derek Wang', 'Completed', 'No', '2025-07-14 10:56:00', '10:59:00', '11:04:00'),
(371, 3, 2, 5, 'William Marsh', 'Completed', 'No', '2025-07-14 13:02:00', '13:06:00', '13:11:00'),
(372, 5, 4, 6, 'David Johnson', 'Completed', 'Yes', '2025-07-14 13:35:00', '13:38:00', '14:02:00'),
(373, 4, 3, 7, 'Aaron Russell', 'Completed', 'No', '2025-07-14 16:17:00', '16:22:00', '16:36:00'),
(374, 5, 4, 8, 'Renee Lyons', 'Completed', 'Yes', '2025-07-14 10:06:00', '10:10:00', '10:37:00'),
(375, 3, 2, 9, 'Jessica Maldonado', 'Completed', 'No', '2025-07-14 10:12:00', '10:17:00', '10:22:00'),
(376, 4, 3, 10, 'Carla Dillon', 'Completed', 'Yes', '2025-07-14 08:02:00', '08:04:00', '08:21:00'),
(377, 3, 2, 11, 'Patrick Travis', 'Completed', 'No', '2025-07-14 16:29:00', '16:31:00', '16:36:00'),
(378, 5, 4, 12, 'Juan Miller', 'Completed', 'Yes', '2025-07-14 13:59:00', '14:04:00', '14:31:00'),
(379, 2, 5, 13, 'Mrs. Alexa Bell', 'Completed', 'No', '2025-07-14 17:47:00', '17:50:00', '17:52:00'),
(380, 3, 2, 14, 'Christina Burke', 'Completed', 'No', '2025-07-14 17:19:00', '17:23:00', '17:28:00'),
(381, 1, 1, 15, 'Alexander Barrett', 'Completed', 'No', '2025-07-14 13:43:00', '13:44:00', '13:51:00'),
(382, 5, 4, 16, 'David White', 'Completed', 'No', '2025-07-14 08:38:00', '08:42:00', '09:08:00'),
(383, 5, 4, 17, 'Amanda Hendricks', 'Completed', 'Yes', '2025-07-14 08:37:00', '08:41:00', '09:05:00'),
(384, 5, 4, 18, 'Scott Collins', 'Completed', 'No', '2025-07-14 10:52:00', '10:54:00', '11:19:00'),
(385, 5, 4, 19, 'Sarah Holmes', 'Completed', 'Yes', '2025-07-14 11:01:00', '11:05:00', '11:32:00'),
(386, 4, 3, 20, 'Roger Norris', 'Completed', 'Yes', '2025-07-14 14:44:00', '14:46:00', '15:01:00'),
(387, 5, 4, 21, 'Cindy Morris', 'Completed', 'No', '2025-07-14 08:45:00', '08:47:00', '09:11:00'),
(388, 2, 5, 22, 'Nicholas Huber', 'Completed', 'No', '2025-07-14 15:33:00', '15:37:00', '15:42:00'),
(389, 2, 5, 23, 'Jordan Schmitt', 'Completed', 'No', '2025-07-14 16:21:00', '16:26:00', '16:28:00'),
(390, 3, 2, 24, 'Kimberly Lee', 'Completed', 'No', '2025-07-14 11:15:00', '11:18:00', '11:23:00'),
(391, 3, 2, 25, 'Ian Brown', 'Completed', 'Yes', '2025-07-14 12:49:00', '12:52:00', '12:57:00'),
(392, 2, 5, 26, 'Brett Munoz', 'Completed', 'No', '2025-07-14 13:30:00', '13:33:00', '13:38:00'),
(393, 3, 2, 27, 'Tiffany Ford', 'Completed', 'No', '2025-07-14 09:36:00', '09:41:00', '09:46:00'),
(394, 4, 3, 28, 'Kimberly Boyd', 'Completed', 'No', '2025-07-14 10:18:00', '10:19:00', '10:32:00'),
(395, 1, 1, 29, 'Luke Peck', 'Completed', 'No', '2025-07-14 15:41:00', '15:44:00', '15:49:00'),
(396, 4, 3, 30, 'Kayla Paul', 'Completed', 'Yes', '2025-07-14 11:52:00', '11:57:00', '12:13:00'),
(397, 5, 4, 31, 'Robert Williamson', 'Completed', 'No', '2025-07-14 10:06:00', '10:11:00', '10:35:00'),
(398, 5, 4, 32, 'Joshua Suarez', 'Completed', 'Yes', '2025-07-14 11:03:00', '11:08:00', '11:33:00'),
(399, 2, 5, 33, 'Morgan Williams', 'Completed', 'Yes', '2025-07-14 09:26:00', '09:29:00', '09:33:00'),
(400, 4, 3, 34, 'Lawrence Jones', 'Completed', 'Yes', '2025-07-14 10:00:00', '10:05:00', '10:21:00'),
(401, 4, 3, 35, 'Jason Finley', 'Completed', 'No', '2025-07-14 15:41:00', '15:43:00', '15:58:00'),
(402, 3, 2, 36, 'Jamie Long', 'Completed', 'No', '2025-07-14 12:41:00', '12:42:00', '12:47:00'),
(403, 1, 1, 37, 'Robert Ellis', 'Completed', 'Yes', '2025-07-14 16:47:00', '16:48:00', '16:52:00'),
(404, 4, 3, 38, 'Dr. Lisa Stokes', 'Completed', 'Yes', '2025-07-14 08:53:00', '08:57:00', '09:13:00'),
(405, 4, 3, 39, 'Samuel Ballard', 'Completed', 'Yes', '2025-07-14 12:56:00', '12:57:00', '13:13:00'),
(406, 3, 2, 40, 'Connie Wright', 'Completed', 'Yes', '2025-07-14 13:18:00', '13:22:00', '13:27:00'),
(407, 5, 4, 41, 'Elizabeth Smith', 'Completed', 'No', '2025-07-14 10:54:00', '10:59:00', '11:25:00'),
(408, 3, 2, 42, 'Amanda Davis', 'Completed', 'Yes', '2025-07-14 09:21:00', '09:23:00', '09:28:00'),
(409, 4, 3, 43, 'Matthew Martinez', 'Completed', 'No', '2025-07-14 10:00:00', '10:03:00', '10:18:00'),
(410, 3, 2, 44, 'Danny Perez', 'Completed', 'Yes', '2025-07-14 10:39:00', '10:43:00', '10:48:00'),
(411, 4, 3, 45, 'Keith Fleming', 'Completed', 'No', '2025-07-14 09:25:00', '09:26:00', '09:41:00'),
(412, 4, 3, 1, 'Teresa Martin', 'Completed', 'No', '2025-07-15 11:00:00', '11:03:00', '11:18:00'),
(413, 2, 5, 2, 'Jessica Hamilton', 'Completed', 'No', '2025-07-15 12:21:00', '12:24:00', '12:29:00'),
(414, 5, 4, 3, 'Sabrina Howard', 'Completed', 'Yes', '2025-07-15 12:41:00', '12:44:00', '13:09:00'),
(415, 2, 5, 4, 'Christopher Yates', 'Completed', 'Yes', '2025-07-15 09:29:00', '09:32:00', '09:35:00'),
(416, 4, 3, 5, 'Cindy Williams', 'Completed', 'No', '2025-07-15 09:40:00', '09:43:00', '09:58:00'),
(417, 5, 4, 6, 'Julian Wood', 'Completed', 'Yes', '2025-07-15 11:08:00', '11:12:00', '11:35:00'),
(418, 4, 3, 7, 'Emily Phillips', 'Completed', 'No', '2025-07-15 14:44:00', '14:49:00', '15:06:00'),
(419, 5, 4, 8, 'Nina Lee', 'Completed', 'Yes', '2025-07-15 11:43:00', '11:48:00', '12:14:00'),
(420, 1, 1, 9, 'Brittany Sheppard', 'Completed', 'No', '2025-07-15 16:45:00', '16:48:00', '16:52:00'),
(421, 5, 4, 10, 'Tyler Marshall', 'Completed', 'Yes', '2025-07-15 08:53:00', '08:58:00', '09:21:00'),
(422, 2, 5, 11, 'Ruben Brown', 'Completed', 'Yes', '2025-07-15 10:20:00', '10:25:00', '10:28:00'),
(423, 1, 1, 12, 'Todd Morgan', 'Completed', 'Yes', '2025-07-15 17:31:00', '17:32:00', '17:38:00'),
(424, 4, 3, 13, 'Jonathon Lewis', 'Completed', 'Yes', '2025-07-15 15:08:00', '15:13:00', '15:28:00'),
(425, 4, 3, 14, 'Alexander Schneider', 'Completed', 'Yes', '2025-07-15 16:29:00', '16:32:00', '16:47:00'),
(426, 1, 1, 15, 'Brian Holmes', 'Completed', 'No', '2025-07-15 12:52:00', '12:53:00', '12:56:00'),
(427, 2, 5, 16, 'Zachary Robertson DVM', 'Completed', 'Yes', '2025-07-15 08:27:00', '08:30:00', '08:33:00'),
(428, 1, 1, 17, 'Katelyn Collins', 'Completed', 'Yes', '2025-07-15 09:59:00', '10:03:00', '10:10:00'),
(429, 3, 2, 18, 'Jill Gentry', 'Completed', 'No', '2025-07-15 10:49:00', '10:51:00', '10:56:00'),
(430, 4, 3, 19, 'Joseph Underwood', 'Completed', 'No', '2025-07-15 14:28:00', '14:32:00', '14:47:00'),
(431, 1, 1, 20, 'Amy Sutton', 'Completed', 'Yes', '2025-07-15 13:07:00', '13:09:00', '13:12:00'),
(432, 4, 3, 21, 'Cassandra Gonzalez', 'Completed', 'Yes', '2025-07-15 11:53:00', '11:54:00', '12:09:00'),
(433, 1, 1, 22, 'David White', 'Completed', 'No', '2025-07-15 15:43:00', '15:48:00', '15:55:00'),
(434, 5, 4, 23, 'Adam Kent', 'Completed', 'No', '2025-07-15 11:15:00', '11:19:00', '11:43:00'),
(435, 2, 5, 24, 'Blake Warner', 'Completed', 'No', '2025-07-15 11:59:00', '12:00:00', '12:02:00'),
(436, 4, 3, 25, 'Christian Mata', 'Completed', 'Yes', '2025-07-15 11:13:00', '11:14:00', '11:27:00'),
(437, 5, 4, 26, 'Ronnie Martin', 'Completed', 'Yes', '2025-07-15 15:38:00', '15:39:00', '16:04:00'),
(438, 1, 1, 27, 'Linda Bennett', 'Completed', 'No', '2025-07-15 15:14:00', '15:19:00', '15:26:00'),
(439, 1, 1, 28, 'Brett Lewis', 'Completed', 'Yes', '2025-07-15 16:18:00', '16:20:00', '16:26:00'),
(440, 5, 4, 29, 'Samuel Sanchez II', 'Completed', 'No', '2025-07-15 17:38:00', '17:41:00', '18:06:00'),
(441, 3, 2, 30, 'Monica Murphy', 'Completed', 'Yes', '2025-07-15 16:14:00', '16:18:00', '16:23:00'),
(442, 3, 2, 31, 'Patricia Taylor', 'Completed', 'Yes', '2025-07-15 16:37:00', '16:39:00', '16:44:00'),
(443, 4, 3, 32, 'Emily Barry', 'Completed', 'No', '2025-07-15 08:22:00', '08:26:00', '08:40:00'),
(444, 5, 4, 33, 'David Decker', 'Completed', 'No', '2025-07-15 14:26:00', '14:28:00', '14:53:00'),
(445, 4, 3, 34, 'Denise Jackson', 'Completed', 'Yes', '2025-07-15 16:30:00', '16:32:00', '16:49:00'),
(446, 3, 2, 1, 'Krystal Erickson', 'Completed', 'Yes', '2025-07-16 15:58:00', '15:59:00', '16:04:00'),
(447, 4, 3, 2, 'Shannon Brady', 'Completed', 'No', '2025-07-16 16:33:00', '16:35:00', '16:49:00'),
(448, 2, 5, 3, 'Michael Kelly', 'Completed', 'No', '2025-07-16 11:21:00', '11:22:00', '11:25:00'),
(449, 3, 2, 4, 'Kathryn Robinson', 'Completed', 'Yes', '2025-07-16 16:46:00', '16:48:00', '16:53:00'),
(450, 3, 2, 5, 'Robert Macias', 'Completed', 'No', '2025-07-16 17:38:00', '17:39:00', '17:44:00'),
(451, 1, 1, 6, 'Thomas Rivera', 'Completed', 'Yes', '2025-07-16 17:46:00', '17:51:00', '17:57:00'),
(452, 4, 3, 7, 'Brian Simmons', 'Completed', 'Yes', '2025-07-16 13:19:00', '13:20:00', '13:35:00'),
(453, 2, 5, 8, 'Michelle Owen', 'Completed', 'Yes', '2025-07-16 15:58:00', '16:00:00', '16:04:00'),
(454, 5, 4, 9, 'Carla Cruz', 'Completed', 'Yes', '2025-07-16 14:58:00', '15:00:00', '15:27:00'),
(455, 3, 2, 10, 'Kirk Smith', 'Completed', 'No', '2025-07-16 14:29:00', '14:34:00', '14:39:00'),
(456, 3, 2, 11, 'Drew Kim', 'Completed', 'No', '2025-07-16 12:23:00', '12:28:00', '12:33:00'),
(457, 4, 3, 12, 'Brandi Jackson', 'Completed', 'Yes', '2025-07-16 15:48:00', '15:51:00', '16:04:00'),
(458, 3, 2, 13, 'Nicole Preston', 'Completed', 'No', '2025-07-16 14:02:00', '14:07:00', '14:12:00'),
(459, 2, 5, 14, 'Keith Jones', 'Completed', 'Yes', '2025-07-16 08:16:00', '08:21:00', '08:26:00'),
(460, 5, 4, 15, 'Kevin Martinez', 'Completed', 'No', '2025-07-16 12:09:00', '12:11:00', '12:35:00'),
(461, 2, 5, 16, 'Michael Gonzales', 'Completed', 'No', '2025-07-16 17:53:00', '17:55:00', '18:00:00'),
(462, 5, 4, 17, 'James Hammond', 'Completed', 'No', '2025-07-16 12:48:00', '12:52:00', '13:17:00'),
(463, 4, 3, 18, 'Christine Gordon', 'Completed', 'No', '2025-07-16 10:46:00', '10:49:00', '11:06:00'),
(464, 2, 5, 19, 'James Shepard', 'Completed', 'No', '2025-07-16 10:58:00', '11:03:00', '11:05:00'),
(465, 1, 1, 20, 'Alicia Simpson', 'Completed', 'Yes', '2025-07-16 09:52:00', '09:53:00', '09:57:00'),
(466, 1, 1, 21, 'Laurie Mann', 'Completed', 'No', '2025-07-16 10:53:00', '10:55:00', '11:00:00'),
(467, 2, 5, 22, 'Heather Allen', 'Completed', 'Yes', '2025-07-16 11:32:00', '11:36:00', '11:39:00'),
(468, 1, 1, 23, 'Joan Lopez', 'Completed', 'No', '2025-07-16 15:01:00', '15:02:00', '15:07:00'),
(469, 5, 4, 24, 'Arthur Burns', 'Completed', 'No', '2025-07-16 08:01:00', '08:06:00', '08:31:00'),
(470, 3, 2, 25, 'Mrs. Carol Chen', 'Completed', 'No', '2025-07-16 08:32:00', '08:36:00', '08:41:00'),
(471, 2, 5, 26, 'Kimberly Riley', 'Completed', 'Yes', '2025-07-16 09:33:00', '09:35:00', '09:40:00'),
(472, 2, 5, 27, 'Lisa Page', 'Completed', 'No', '2025-07-16 13:17:00', '13:21:00', '13:27:00'),
(473, 3, 2, 28, 'Maria Daugherty', 'Completed', 'No', '2025-07-16 15:36:00', '15:38:00', '15:43:00'),
(474, 2, 5, 29, 'Raymond Smith', 'Completed', 'No', '2025-07-16 09:41:00', '09:42:00', '09:48:00'),
(475, 4, 3, 30, 'Jill Nelson', 'Completed', 'No', '2025-07-16 14:35:00', '14:39:00', '14:54:00'),
(476, 1, 1, 31, 'Marie Evans', 'Completed', 'Yes', '2025-07-16 09:31:00', '09:35:00', '09:41:00'),
(477, 3, 2, 32, 'Bridget Mcneil', 'Completed', 'Yes', '2025-07-16 16:58:00', '16:59:00', '17:04:00'),
(478, 2, 5, 33, 'Dawn Armstrong', 'Completed', 'No', '2025-07-16 12:02:00', '12:03:00', '12:05:00'),
(479, 3, 2, 34, 'Tammy Hardy', 'Completed', 'Yes', '2025-07-16 10:59:00', '11:02:00', '11:07:00'),
(480, 2, 5, 35, 'Melissa Cook', 'Completed', 'Yes', '2025-07-16 14:59:00', '15:00:00', '15:04:00'),
(481, 2, 5, 36, 'Douglas Luna Jr.', 'Completed', 'Yes', '2025-07-16 17:53:00', '17:57:00', '18:01:00'),
(482, 5, 4, 37, 'Jacqueline Andrews', 'Completed', 'No', '2025-07-16 14:48:00', '14:50:00', '15:16:00'),
(483, 5, 4, 1, 'Cindy Watkins', 'Completed', 'No', '2025-07-17 08:06:00', '08:10:00', '08:34:00'),
(484, 1, 1, 2, 'Phillip Jones', 'Completed', 'No', '2025-07-17 17:49:00', '17:54:00', '17:59:00'),
(485, 4, 3, 3, 'Michelle Warner', 'Completed', 'No', '2025-07-17 08:40:00', '08:43:00', '08:56:00'),
(486, 4, 3, 4, 'Christian Johnson', 'Completed', 'No', '2025-07-17 11:22:00', '11:27:00', '11:42:00'),
(487, 4, 3, 5, 'Kimberly Bailey', 'Completed', 'Yes', '2025-07-17 17:42:00', '17:46:00', '18:02:00'),
(488, 5, 4, 6, 'Joseph King', 'Completed', 'No', '2025-07-17 11:45:00', '11:46:00', '12:11:00'),
(489, 3, 2, 7, 'Lisa Tucker', 'Completed', 'Yes', '2025-07-17 14:45:00', '14:47:00', '14:52:00'),
(490, 4, 3, 8, 'Julia Dorsey', 'Completed', 'No', '2025-07-17 13:06:00', '13:07:00', '13:22:00'),
(491, 3, 2, 9, 'Bryce Jordan', 'Completed', 'No', '2025-07-17 13:48:00', '13:51:00', '13:56:00'),
(492, 2, 5, 10, 'Kayla Hall', 'Completed', 'Yes', '2025-07-17 10:27:00', '10:31:00', '10:36:00'),
(493, 5, 4, 11, 'Anne Martin', 'Completed', 'No', '2025-07-17 09:01:00', '09:02:00', '09:27:00'),
(494, 5, 4, 12, 'Andrea Evans', 'Completed', 'Yes', '2025-07-17 17:38:00', '17:41:00', '18:05:00'),
(495, 4, 3, 13, 'Zachary Hunter', 'Completed', 'Yes', '2025-07-17 12:26:00', '12:30:00', '12:45:00'),
(496, 1, 1, 14, 'Thomas Davis', 'Completed', 'Yes', '2025-07-17 17:33:00', '17:35:00', '17:39:00'),
(497, 4, 3, 15, 'Alexander Miller', 'Completed', 'Yes', '2025-07-17 10:17:00', '10:20:00', '10:35:00'),
(498, 4, 3, 16, 'Brian Lewis', 'Completed', 'Yes', '2025-07-17 09:10:00', '09:14:00', '09:29:00'),
(499, 4, 3, 17, 'Warren Edwards', 'Completed', 'No', '2025-07-17 15:50:00', '15:51:00', '16:06:00'),
(500, 3, 2, 18, 'Cory Wilson', 'Completed', 'Yes', '2025-07-17 15:38:00', '15:43:00', '15:48:00'),
(501, 4, 3, 19, 'Ricky Wagner', 'Completed', 'Yes', '2025-07-17 10:19:00', '10:20:00', '10:35:00'),
(502, 3, 2, 20, 'Samuel Klein', 'Completed', 'No', '2025-07-17 13:28:00', '13:31:00', '13:36:00'),
(503, 5, 4, 21, 'James Rodriguez', 'Completed', 'Yes', '2025-07-17 12:20:00', '12:25:00', '12:52:00'),
(504, 2, 5, 22, 'Angela Carroll', 'Completed', 'No', '2025-07-17 13:11:00', '13:15:00', '13:21:00'),
(505, 3, 2, 23, 'Brenda Kelley', 'Completed', 'No', '2025-07-17 17:50:00', '17:52:00', '17:57:00'),
(506, 4, 3, 24, 'Vanessa Smith', 'Completed', 'No', '2025-07-17 14:23:00', '14:24:00', '14:41:00'),
(507, 2, 5, 25, 'Rachel Mcclain', 'Completed', 'Yes', '2025-07-17 16:01:00', '16:05:00', '16:09:00');
INSERT INTO `customers` (`id`, `teller_id`, `service_id`, `queue_no`, `name`, `status`, `emergency`, `transaction_date`, `start_time`, `end_time`) VALUES
(508, 2, 5, 26, 'Raymond Fox', 'Completed', 'No', '2025-07-17 12:53:00', '12:54:00', '12:57:00'),
(509, 4, 3, 27, 'Thomas Medina', 'Completed', 'No', '2025-07-17 10:40:00', '10:43:00', '10:56:00'),
(510, 3, 2, 28, 'Alicia Archer', 'Completed', 'Yes', '2025-07-17 14:50:00', '14:54:00', '14:59:00'),
(511, 4, 3, 29, 'John Bridges', 'Completed', 'No', '2025-07-17 17:25:00', '17:30:00', '17:44:00'),
(512, 4, 3, 30, 'Laura Schneider', 'Completed', 'Yes', '2025-07-17 13:44:00', '13:49:00', '14:04:00'),
(513, 1, 1, 31, 'Amber Coleman', 'Completed', 'Yes', '2025-07-17 11:42:00', '11:45:00', '11:50:00'),
(514, 5, 4, 32, 'Heidi Moreno', 'Completed', 'Yes', '2025-07-17 17:41:00', '17:45:00', '18:12:00'),
(515, 4, 3, 1, 'Tracy Lawrence', 'Completed', 'Yes', '2025-07-18 08:06:00', '08:09:00', '08:24:00'),
(516, 5, 4, 2, 'Michael Bullock', 'Completed', 'Yes', '2025-07-18 15:23:00', '15:27:00', '15:52:00'),
(517, 5, 4, 3, 'Joshua Griffin', 'Completed', 'Yes', '2025-07-18 13:01:00', '13:05:00', '13:30:00'),
(518, 3, 2, 4, 'Michelle Brown', 'Completed', 'No', '2025-07-18 09:07:00', '09:09:00', '09:14:00'),
(519, 3, 2, 5, 'Amy Gibson', 'Completed', 'No', '2025-07-18 15:50:00', '15:52:00', '15:57:00'),
(520, 4, 3, 6, 'Ryan Baker', 'Completed', 'No', '2025-07-18 15:06:00', '15:10:00', '15:27:00'),
(521, 4, 3, 7, 'Karen Johnson', 'Completed', 'No', '2025-07-18 09:19:00', '09:20:00', '09:36:00'),
(522, 1, 1, 8, 'Carrie Mendoza', 'Completed', 'Yes', '2025-07-18 13:41:00', '13:42:00', '13:47:00'),
(523, 2, 5, 9, 'James Brown', 'Completed', 'Yes', '2025-07-18 16:11:00', '16:16:00', '16:20:00'),
(524, 3, 2, 10, 'Rebecca Odom', 'Completed', 'No', '2025-07-18 15:14:00', '15:18:00', '15:23:00'),
(525, 2, 5, 11, 'Morgan Huff', 'Completed', 'Yes', '2025-07-18 14:25:00', '14:26:00', '14:29:00'),
(526, 5, 4, 12, 'Kaylee Santiago', 'Completed', 'Yes', '2025-07-18 15:37:00', '15:41:00', '16:04:00'),
(527, 1, 1, 13, 'Kimberly Williams', 'Completed', 'Yes', '2025-07-18 11:17:00', '11:18:00', '11:23:00'),
(528, 1, 1, 14, 'Jennifer Waters', 'Completed', 'Yes', '2025-07-18 13:20:00', '13:22:00', '13:29:00'),
(529, 1, 1, 15, 'Destiny Jordan', 'Completed', 'No', '2025-07-18 15:33:00', '15:36:00', '15:41:00'),
(530, 4, 3, 16, 'Colin Williams', 'Completed', 'No', '2025-07-18 17:07:00', '17:10:00', '17:27:00'),
(531, 4, 3, 17, 'John Miller', 'Completed', 'Yes', '2025-07-18 12:58:00', '13:03:00', '13:18:00'),
(532, 1, 1, 18, 'Jamie Jensen', 'Completed', 'Yes', '2025-07-18 13:07:00', '13:09:00', '13:13:00'),
(533, 1, 1, 19, 'Anthony Giles', 'Completed', 'Yes', '2025-07-18 13:44:00', '13:46:00', '13:51:00'),
(534, 4, 3, 20, 'Jacqueline Sanchez', 'Completed', 'No', '2025-07-18 17:08:00', '17:13:00', '17:29:00'),
(535, 4, 3, 21, 'Erin Aguirre', 'Completed', 'Yes', '2025-07-18 15:40:00', '15:45:00', '15:58:00'),
(536, 2, 5, 22, 'Kelly Davis', 'Completed', 'Yes', '2025-07-18 15:18:00', '15:20:00', '15:25:00'),
(537, 3, 2, 23, 'Whitney Rivera', 'Completed', 'No', '2025-07-18 17:03:00', '17:06:00', '17:11:00'),
(538, 4, 3, 24, 'Kim Mccall', 'Completed', 'Yes', '2025-07-18 11:52:00', '11:56:00', '12:13:00'),
(539, 5, 4, 25, 'Meagan Williams', 'Completed', 'No', '2025-07-18 14:43:00', '14:47:00', '15:12:00'),
(540, 4, 3, 26, 'Faith Hicks', 'Completed', 'No', '2025-07-18 10:05:00', '10:10:00', '10:24:00'),
(541, 2, 5, 27, 'Sharon Rogers', 'Completed', 'No', '2025-07-18 08:17:00', '08:19:00', '08:23:00'),
(542, 3, 2, 28, 'Kelly Clark', 'Completed', 'Yes', '2025-07-18 15:36:00', '15:40:00', '15:45:00'),
(543, 5, 4, 29, 'James Tyler', 'Completed', 'Yes', '2025-07-18 17:07:00', '17:10:00', '17:35:00'),
(544, 5, 4, 30, 'Roberta Lopez', 'Completed', 'No', '2025-07-18 16:52:00', '16:53:00', '17:20:00'),
(545, 4, 3, 31, 'Daniel Crawford', 'Completed', 'Yes', '2025-07-18 14:06:00', '14:08:00', '14:23:00'),
(546, 1, 1, 32, 'Kelsey Warren', 'Completed', 'No', '2025-07-18 12:22:00', '12:23:00', '12:27:00'),
(547, 1, 1, 33, 'Elizabeth Nelson MD', 'Completed', 'Yes', '2025-07-18 11:51:00', '11:56:00', '12:01:00'),
(548, 3, 2, 34, 'Laura Brown', 'Completed', 'No', '2025-07-18 10:39:00', '10:41:00', '10:46:00'),
(549, 2, 5, 35, 'Ryan Phelps', 'Completed', 'Yes', '2025-07-18 08:36:00', '08:39:00', '08:43:00'),
(550, 3, 2, 36, 'Angela Murray', 'Completed', 'Yes', '2025-07-18 13:45:00', '13:48:00', '13:53:00'),
(551, 5, 4, 37, 'Ashley White', 'Completed', 'No', '2025-07-18 16:57:00', '16:58:00', '17:24:00'),
(552, 4, 3, 38, 'Donald Duarte', 'Completed', 'Yes', '2025-07-18 12:55:00', '12:57:00', '13:12:00'),
(553, 2, 5, 39, 'Angie Mcdaniel', 'Completed', 'Yes', '2025-07-18 10:45:00', '10:48:00', '10:50:00'),
(554, 2, 5, 40, 'Calvin Swanson', 'Completed', 'No', '2025-07-18 15:09:00', '15:14:00', '15:16:00'),
(555, 4, 3, 1, 'Juan Ruiz', 'Completed', 'No', '2025-07-21 15:04:00', '15:05:00', '15:20:00'),
(556, 5, 4, 2, 'Larry Hunter', 'Completed', 'No', '2025-07-21 13:29:00', '13:33:00', '13:59:00'),
(557, 5, 4, 3, 'Marcia Wilson', 'Completed', 'Yes', '2025-07-21 09:46:00', '09:50:00', '10:13:00'),
(558, 3, 2, 4, 'Charles Thomas', 'Completed', 'Yes', '2025-07-21 16:25:00', '16:27:00', '16:32:00'),
(559, 2, 5, 5, 'Robert Mcclure', 'Completed', 'No', '2025-07-21 12:20:00', '12:23:00', '12:29:00'),
(560, 5, 4, 6, 'Angel Mason', 'Completed', 'Yes', '2025-07-21 17:54:00', '17:58:00', '18:22:00'),
(561, 3, 2, 7, 'Julie Bernard', 'Completed', 'Yes', '2025-07-21 08:06:00', '08:10:00', '08:15:00'),
(562, 1, 1, 8, 'Zachary Garcia', 'Completed', 'Yes', '2025-07-21 15:29:00', '15:30:00', '15:37:00'),
(563, 2, 5, 9, 'Gregory Young', 'Completed', 'Yes', '2025-07-21 12:10:00', '12:13:00', '12:15:00'),
(564, 3, 2, 10, 'Brian Cortez', 'Completed', 'No', '2025-07-21 09:23:00', '09:25:00', '09:30:00'),
(565, 4, 3, 11, 'Dalton Moore', 'Completed', 'No', '2025-07-21 11:27:00', '11:28:00', '11:41:00'),
(566, 1, 1, 12, 'Mary Gonzalez', 'Completed', 'Yes', '2025-07-21 11:30:00', '11:31:00', '11:36:00'),
(567, 5, 4, 13, 'Scott Mcguire', 'Completed', 'Yes', '2025-07-21 16:43:00', '16:47:00', '17:11:00'),
(568, 1, 1, 14, 'Anthony Green', 'Completed', 'No', '2025-07-21 09:55:00', '09:59:00', '10:02:00'),
(569, 2, 5, 15, 'Ryan Trujillo', 'Completed', 'No', '2025-07-21 09:14:00', '09:18:00', '09:20:00'),
(570, 1, 1, 16, 'Daniel Long', 'Completed', 'Yes', '2025-07-21 13:23:00', '13:26:00', '13:31:00'),
(571, 4, 3, 17, 'Cindy Miller', 'Completed', 'Yes', '2025-07-21 10:04:00', '10:09:00', '10:25:00'),
(572, 1, 1, 18, 'John Camacho', 'Completed', 'Yes', '2025-07-21 15:22:00', '15:24:00', '15:31:00'),
(573, 2, 5, 19, 'Ricardo Erickson', 'Completed', 'No', '2025-07-21 17:43:00', '17:47:00', '17:51:00'),
(574, 2, 5, 20, 'Christine Cantu', 'Completed', 'Yes', '2025-07-21 09:08:00', '09:09:00', '09:14:00'),
(575, 4, 3, 21, 'Amanda Wells', 'Completed', 'No', '2025-07-21 14:20:00', '14:22:00', '14:37:00'),
(576, 3, 2, 22, 'Stephanie Williams', 'Completed', 'Yes', '2025-07-21 11:35:00', '11:40:00', '11:45:00'),
(577, 5, 4, 23, 'Richard Collins', 'Completed', 'No', '2025-07-21 08:54:00', '08:57:00', '09:22:00'),
(578, 5, 4, 24, 'Alicia Frederick', 'Completed', 'Yes', '2025-07-21 14:18:00', '14:19:00', '14:45:00'),
(579, 2, 5, 25, 'Gary Graham', 'Completed', 'No', '2025-07-21 14:07:00', '14:09:00', '14:13:00'),
(580, 5, 4, 26, 'Fred Baker', 'Completed', 'Yes', '2025-07-21 16:56:00', '16:57:00', '17:22:00'),
(581, 3, 2, 27, 'Philip Schneider', 'Completed', 'Yes', '2025-07-21 14:55:00', '15:00:00', '15:05:00'),
(582, 3, 2, 28, 'Christine Shields', 'Completed', 'Yes', '2025-07-21 15:49:00', '15:50:00', '15:55:00'),
(583, 5, 4, 29, 'Beverly Potter', 'Completed', 'Yes', '2025-07-21 08:16:00', '08:18:00', '08:42:00'),
(584, 1, 1, 30, 'Dr. Beth Martinez MD', 'Completed', 'No', '2025-07-21 16:18:00', '16:23:00', '16:28:00'),
(585, 4, 3, 31, 'Jillian King', 'Completed', 'No', '2025-07-21 14:05:00', '14:10:00', '14:26:00'),
(586, 5, 4, 32, 'Amy Franklin', 'Completed', 'Yes', '2025-07-21 12:05:00', '12:08:00', '12:31:00'),
(587, 5, 4, 33, 'Vanessa Randall', 'Completed', 'Yes', '2025-07-21 10:34:00', '10:37:00', '11:00:00'),
(588, 5, 4, 34, 'Patricia White', 'Completed', 'Yes', '2025-07-21 12:44:00', '12:48:00', '13:12:00'),
(589, 2, 5, 35, 'Richard Gilbert', 'Completed', 'Yes', '2025-07-21 11:05:00', '11:09:00', '11:14:00'),
(590, 4, 3, 36, 'Ashley Yates', 'Completed', 'Yes', '2025-07-21 12:42:00', '12:44:00', '12:59:00'),
(591, 1, 1, 37, 'Rebecca Roberts', 'Completed', 'Yes', '2025-07-21 08:10:00', '08:14:00', '08:21:00'),
(592, 5, 4, 38, 'Paul Yates', 'Completed', 'No', '2025-07-21 10:23:00', '10:25:00', '10:48:00'),
(593, 1, 1, 1, 'Helen Carter', 'Completed', 'Yes', '2025-07-22 13:51:00', '13:55:00', '14:00:00'),
(594, 5, 4, 2, 'Amanda Jensen', 'Completed', 'Yes', '2025-07-22 12:45:00', '12:50:00', '13:17:00'),
(595, 1, 1, 3, 'Amanda Moody', 'Completed', 'No', '2025-07-22 15:32:00', '15:35:00', '15:41:00'),
(596, 4, 3, 4, 'Tiffany Parker', 'Completed', 'Yes', '2025-07-22 13:10:00', '13:13:00', '13:26:00'),
(597, 1, 1, 5, 'Paul Thomas', 'Completed', 'Yes', '2025-07-22 11:47:00', '11:52:00', '11:57:00'),
(598, 1, 1, 6, 'Terry Stephens', 'Completed', 'Yes', '2025-07-22 11:02:00', '11:06:00', '11:11:00'),
(599, 4, 3, 7, 'Nicole Lyons', 'Completed', 'Yes', '2025-07-22 10:59:00', '11:00:00', '11:16:00'),
(600, 4, 3, 8, 'Michael Ford', 'Completed', 'Yes', '2025-07-22 13:15:00', '13:19:00', '13:34:00'),
(601, 3, 2, 9, 'Nicole Massey', 'Completed', 'No', '2025-07-22 09:36:00', '09:39:00', '09:44:00'),
(602, 5, 4, 10, 'Stacy Chavez', 'Completed', 'Yes', '2025-07-22 10:14:00', '10:19:00', '10:44:00'),
(603, 4, 3, 11, 'Dr. Hannah Stone', 'Completed', 'Yes', '2025-07-22 15:55:00', '15:58:00', '16:15:00'),
(604, 3, 2, 12, 'Reginald Hawkins', 'Completed', 'No', '2025-07-22 09:35:00', '09:39:00', '09:44:00'),
(605, 3, 2, 13, 'Connie Mcdonald', 'Completed', 'Yes', '2025-07-22 12:36:00', '12:39:00', '12:44:00'),
(606, 5, 4, 14, 'Aaron Greene', 'Completed', 'Yes', '2025-07-22 15:23:00', '15:28:00', '15:55:00'),
(607, 2, 5, 15, 'Frank Brooks', 'Completed', 'Yes', '2025-07-22 10:00:00', '10:04:00', '10:08:00'),
(608, 2, 5, 16, 'Julie Garcia', 'Completed', 'No', '2025-07-22 08:21:00', '08:22:00', '08:26:00'),
(609, 4, 3, 17, 'Richard Lopez', 'Completed', 'No', '2025-07-22 09:13:00', '09:18:00', '09:33:00'),
(610, 4, 3, 18, 'Richard Kennedy', 'Completed', 'No', '2025-07-22 08:09:00', '08:12:00', '08:25:00'),
(611, 1, 1, 19, 'Lauren Brown', 'Completed', 'Yes', '2025-07-22 16:26:00', '16:29:00', '16:35:00'),
(612, 1, 1, 20, 'Kayla Barnes', 'Completed', 'Yes', '2025-07-22 16:08:00', '16:12:00', '16:15:00'),
(613, 5, 4, 21, 'Kelly Franco', 'Completed', 'Yes', '2025-07-22 14:42:00', '14:44:00', '15:11:00'),
(614, 3, 2, 22, 'Gabriela Benson', 'Completed', 'No', '2025-07-22 13:59:00', '14:03:00', '14:08:00'),
(615, 3, 2, 23, 'Carla Jennings', 'Completed', 'No', '2025-07-22 15:17:00', '15:19:00', '15:24:00'),
(616, 2, 5, 24, 'Dr. Kayla James', 'Completed', 'Yes', '2025-07-22 17:06:00', '17:08:00', '17:11:00'),
(617, 2, 5, 25, 'Jennifer Hoover', 'Completed', 'No', '2025-07-22 15:20:00', '15:24:00', '15:28:00'),
(618, 5, 4, 26, 'Christopher Salinas', 'Completed', 'No', '2025-07-22 11:28:00', '11:31:00', '11:54:00'),
(619, 3, 2, 27, 'Carmen Walker MD', 'Completed', 'Yes', '2025-07-22 09:10:00', '09:13:00', '09:18:00'),
(620, 5, 4, 28, 'Patrick Anderson', 'Completed', 'Yes', '2025-07-22 11:53:00', '11:56:00', '12:22:00'),
(621, 1, 1, 29, 'Leonard Lawson', 'Completed', 'Yes', '2025-07-22 13:25:00', '13:30:00', '13:34:00'),
(622, 3, 2, 30, 'Shawn Ortega', 'Completed', 'No', '2025-07-22 10:01:00', '10:05:00', '10:10:00'),
(623, 4, 3, 31, 'Luke Spencer', 'Completed', 'Yes', '2025-07-22 09:29:00', '09:30:00', '09:45:00'),
(624, 2, 5, 32, 'Joshua Kennedy', 'Completed', 'Yes', '2025-07-22 08:03:00', '08:05:00', '08:08:00'),
(625, 2, 5, 33, 'Casey Campbell', 'Completed', 'No', '2025-07-22 13:43:00', '13:44:00', '13:47:00'),
(626, 5, 4, 34, 'Jennifer Melendez', 'Completed', 'No', '2025-07-22 09:01:00', '09:02:00', '09:27:00'),
(627, 4, 3, 35, 'Craig Johnson', 'Completed', 'Yes', '2025-07-22 09:57:00', '10:00:00', '10:16:00'),
(628, 1, 1, 36, 'Robert Smith', 'Completed', 'No', '2025-07-22 08:10:00', '08:15:00', '08:19:00'),
(629, 4, 3, 37, 'Daniel Rodriguez', 'Completed', 'No', '2025-07-22 08:24:00', '08:28:00', '08:43:00'),
(630, 3, 2, 38, 'Jay Smith', 'Completed', 'Yes', '2025-07-22 10:17:00', '10:20:00', '10:25:00'),
(631, 1, 1, 1, 'Robin Orr', 'Completed', 'Yes', '2025-07-23 12:31:00', '12:35:00', '12:39:00'),
(632, 4, 3, 2, 'Jennifer Perez', 'Completed', 'Yes', '2025-07-23 09:17:00', '09:21:00', '09:36:00'),
(633, 4, 3, 3, 'Pamela Orozco', 'Completed', 'Yes', '2025-07-23 16:15:00', '16:20:00', '16:36:00'),
(634, 1, 1, 4, 'Rebekah Johnson', 'Completed', 'No', '2025-07-23 13:30:00', '13:35:00', '13:40:00'),
(635, 4, 3, 5, 'John Tapia', 'Completed', 'No', '2025-07-23 17:32:00', '17:35:00', '17:50:00'),
(636, 3, 2, 6, 'Bobby Cervantes', 'Completed', 'Yes', '2025-07-23 08:20:00', '08:25:00', '08:30:00'),
(637, 1, 1, 7, 'Jennifer Raymond', 'Completed', 'No', '2025-07-23 08:51:00', '08:55:00', '08:58:00'),
(638, 3, 2, 8, 'Gabriel Myers', 'Completed', 'Yes', '2025-07-23 10:06:00', '10:08:00', '10:13:00'),
(639, 2, 5, 9, 'Jesse Collins', 'Completed', 'No', '2025-07-23 16:52:00', '16:53:00', '16:58:00'),
(640, 2, 5, 10, 'Robert Carter', 'Completed', 'No', '2025-07-23 13:59:00', '14:01:00', '14:05:00'),
(641, 2, 5, 11, 'Kelly Montoya', 'Completed', 'No', '2025-07-23 13:58:00', '14:03:00', '14:07:00'),
(642, 3, 2, 12, 'Adrian Hunter', 'Completed', 'Yes', '2025-07-23 17:12:00', '17:16:00', '17:21:00'),
(643, 3, 2, 13, 'Jennifer Williams', 'Completed', 'Yes', '2025-07-23 15:02:00', '15:03:00', '15:08:00'),
(644, 2, 5, 14, 'Margaret Mckay', 'Completed', 'Yes', '2025-07-23 08:33:00', '08:37:00', '08:42:00'),
(645, 3, 2, 15, 'William Moody', 'Completed', 'Yes', '2025-07-23 10:21:00', '10:23:00', '10:28:00'),
(646, 3, 2, 16, 'Brandy Gordon', 'Completed', 'Yes', '2025-07-23 08:09:00', '08:14:00', '08:19:00'),
(647, 2, 5, 17, 'Marvin Sheppard', 'Completed', 'Yes', '2025-07-23 16:55:00', '16:58:00', '17:00:00'),
(648, 3, 2, 18, 'William Brown', 'Completed', 'No', '2025-07-23 17:06:00', '17:09:00', '17:14:00'),
(649, 3, 2, 19, 'Jason Beck', 'Completed', 'Yes', '2025-07-23 10:46:00', '10:50:00', '10:55:00'),
(650, 4, 3, 20, 'Melissa Beck', 'Completed', 'No', '2025-07-23 10:45:00', '10:50:00', '11:04:00'),
(651, 5, 4, 21, 'Brian Rose', 'Completed', 'No', '2025-07-23 11:42:00', '11:47:00', '12:12:00'),
(652, 2, 5, 22, 'Mark Barrett', 'Completed', 'No', '2025-07-23 12:46:00', '12:49:00', '12:53:00'),
(653, 2, 5, 23, 'Crystal Benson', 'Completed', 'Yes', '2025-07-23 17:25:00', '17:30:00', '17:34:00'),
(654, 2, 5, 24, 'Michael Thomas', 'Completed', 'No', '2025-07-23 17:14:00', '17:19:00', '17:23:00'),
(655, 4, 3, 25, 'Brian Moore', 'Completed', 'Yes', '2025-07-23 13:47:00', '13:48:00', '14:04:00'),
(656, 3, 2, 26, 'Nancy Goodman', 'Completed', 'No', '2025-07-23 10:40:00', '10:41:00', '10:46:00'),
(657, 3, 2, 27, 'Christine Vazquez', 'Completed', 'No', '2025-07-23 08:16:00', '08:18:00', '08:23:00'),
(658, 1, 1, 28, 'Ann Harris', 'Completed', 'No', '2025-07-23 12:50:00', '12:51:00', '12:56:00'),
(659, 1, 1, 29, 'Crystal Hanson', 'Completed', 'Yes', '2025-07-23 14:28:00', '14:32:00', '14:37:00'),
(660, 4, 3, 30, 'Dennis Mccullough', 'Completed', 'No', '2025-07-23 14:22:00', '14:27:00', '14:42:00'),
(661, 1, 1, 31, 'Joseph Anderson', 'Completed', 'No', '2025-07-23 17:41:00', '17:43:00', '17:48:00'),
(662, 4, 3, 32, 'Mary Swanson', 'Completed', 'Yes', '2025-07-23 08:18:00', '08:19:00', '08:34:00'),
(663, 3, 2, 33, 'Ashley Vaughan', 'Completed', 'Yes', '2025-07-23 09:21:00', '09:23:00', '09:28:00'),
(664, 2, 5, 34, 'Laura Jackson', 'Completed', 'Yes', '2025-07-23 16:57:00', '16:58:00', '17:04:00'),
(665, 5, 4, 1, 'Marcus Swanson DDS', 'Completed', 'No', '2025-07-24 08:27:00', '08:29:00', '08:54:00'),
(666, 4, 3, 2, 'David Harrington', 'Completed', 'Yes', '2025-07-24 08:06:00', '08:09:00', '08:24:00'),
(667, 2, 5, 3, 'Lorraine Bates', 'Completed', 'No', '2025-07-24 16:46:00', '16:51:00', '16:57:00'),
(668, 3, 2, 4, 'Michelle Shaffer', 'Completed', 'No', '2025-07-24 11:06:00', '11:07:00', '11:12:00'),
(669, 5, 4, 5, 'Natalie Allen', 'Completed', 'No', '2025-07-24 10:03:00', '10:06:00', '10:31:00'),
(670, 4, 3, 6, 'Kimberly Glass', 'Completed', 'Yes', '2025-07-24 12:52:00', '12:57:00', '13:14:00'),
(671, 2, 5, 7, 'Nicole Hernandez', 'Completed', 'Yes', '2025-07-24 08:13:00', '08:15:00', '08:20:00'),
(672, 3, 2, 8, 'Bruce Robinson', 'Completed', 'Yes', '2025-07-24 15:54:00', '15:55:00', '16:00:00'),
(673, 4, 3, 9, 'Kathryn Thomas', 'Completed', 'No', '2025-07-24 15:57:00', '16:00:00', '16:15:00'),
(674, 5, 4, 10, 'Emily Thomas', 'Completed', 'No', '2025-07-24 10:23:00', '10:27:00', '10:51:00'),
(675, 2, 5, 11, 'Ricky Dixon', 'Completed', 'No', '2025-07-24 08:16:00', '08:20:00', '08:24:00'),
(676, 3, 2, 12, 'Ana White', 'Completed', 'Yes', '2025-07-24 12:36:00', '12:37:00', '12:42:00'),
(677, 1, 1, 13, 'Joseph Reid', 'Completed', 'Yes', '2025-07-24 13:51:00', '13:56:00', '14:00:00'),
(678, 5, 4, 14, 'David Weeks', 'Completed', 'Yes', '2025-07-24 16:03:00', '16:07:00', '16:32:00'),
(679, 5, 4, 15, 'Katherine Benjamin', 'Completed', 'No', '2025-07-24 16:43:00', '16:47:00', '17:14:00'),
(680, 2, 5, 16, 'Yolanda Collins', 'Completed', 'No', '2025-07-24 12:05:00', '12:09:00', '12:13:00'),
(681, 1, 1, 17, 'Craig Gibson', 'Completed', 'Yes', '2025-07-24 09:48:00', '09:52:00', '09:58:00'),
(682, 2, 5, 18, 'Crystal Todd', 'Completed', 'Yes', '2025-07-24 11:08:00', '11:09:00', '11:13:00'),
(683, 1, 1, 19, 'Michael Gonzalez', 'Completed', 'No', '2025-07-24 11:52:00', '11:54:00', '11:59:00'),
(684, 5, 4, 20, 'Erik Dunn', 'Completed', 'No', '2025-07-24 13:58:00', '13:59:00', '14:24:00'),
(685, 4, 3, 21, 'Barry Mccann', 'Completed', 'No', '2025-07-24 16:20:00', '16:23:00', '16:38:00'),
(686, 4, 3, 22, 'Joseph Higgins', 'Completed', 'Yes', '2025-07-24 17:37:00', '17:42:00', '17:57:00'),
(687, 4, 3, 23, 'Melinda Perez', 'Completed', 'Yes', '2025-07-24 14:09:00', '14:11:00', '14:24:00'),
(688, 5, 4, 24, 'Norma Chang', 'Completed', 'Yes', '2025-07-24 09:36:00', '09:37:00', '10:03:00'),
(689, 3, 2, 25, 'Jeremy Larsen', 'Completed', 'No', '2025-07-24 14:16:00', '14:20:00', '14:25:00'),
(690, 4, 3, 26, 'Anna Simon', 'Completed', 'No', '2025-07-24 08:11:00', '08:14:00', '08:29:00'),
(691, 2, 5, 27, 'Michael Vaughan', 'Completed', 'No', '2025-07-24 08:25:00', '08:28:00', '08:32:00'),
(692, 2, 5, 28, 'Alexandra Solis', 'Completed', 'Yes', '2025-07-24 15:58:00', '16:01:00', '16:03:00'),
(693, 1, 1, 29, 'Marvin Obrien', 'Completed', 'No', '2025-07-24 12:19:00', '12:22:00', '12:27:00'),
(694, 4, 3, 30, 'Colleen Allen', 'Completed', 'Yes', '2025-07-24 11:08:00', '11:11:00', '11:25:00'),
(695, 4, 3, 31, 'Ryan Daniels', 'Completed', 'No', '2025-07-24 12:46:00', '12:50:00', '13:05:00'),
(696, 1, 1, 32, 'Christina Holloway', 'Completed', 'Yes', '2025-07-24 15:13:00', '15:17:00', '15:20:00'),
(697, 4, 3, 33, 'Thomas Mckinney', 'Completed', 'No', '2025-07-24 08:32:00', '08:34:00', '08:49:00'),
(698, 3, 2, 34, 'Angela Sharp', 'Completed', 'No', '2025-07-24 10:49:00', '10:54:00', '10:59:00'),
(699, 1, 1, 35, 'Kim Cortez', 'Completed', 'Yes', '2025-07-24 11:56:00', '11:58:00', '12:02:00'),
(700, 1, 1, 36, 'Amber Hernandez', 'Completed', 'Yes', '2025-07-24 08:29:00', '08:30:00', '08:37:00'),
(701, 2, 5, 37, 'Margaret Martin', 'Completed', 'No', '2025-07-24 13:52:00', '13:56:00', '14:00:00'),
(702, 4, 3, 38, 'Brian Yates', 'Completed', 'Yes', '2025-07-24 08:15:00', '08:18:00', '08:31:00'),
(703, 5, 4, 39, 'Angela Hopkins', 'Completed', 'No', '2025-07-24 10:55:00', '10:59:00', '11:26:00'),
(704, 5, 4, 40, 'Arthur Kennedy', 'Completed', 'No', '2025-07-24 13:10:00', '13:13:00', '13:40:00'),
(705, 1, 1, 41, 'Amber Michael', 'Completed', 'No', '2025-07-24 08:24:00', '08:25:00', '08:31:00'),
(706, 5, 4, 42, 'Benjamin Moore', 'Completed', 'Yes', '2025-07-24 11:41:00', '11:43:00', '12:10:00'),
(707, 2, 5, 43, 'Chris Lee', 'Completed', 'No', '2025-07-24 14:32:00', '14:33:00', '14:37:00'),
(708, 1, 1, 44, 'Brittany Harrison', 'Completed', 'No', '2025-07-24 10:41:00', '10:43:00', '10:48:00'),
(709, 1, 1, 45, 'Leah Wells', 'Completed', 'Yes', '2025-07-24 12:38:00', '12:41:00', '12:46:00'),
(710, 3, 2, 46, 'Donna Jones', 'Completed', 'No', '2025-07-24 14:54:00', '14:57:00', '15:02:00'),
(711, 3, 2, 47, 'Jessica Perez', 'Completed', 'Yes', '2025-07-24 15:19:00', '15:24:00', '15:29:00'),
(712, 5, 4, 48, 'Patricia Wilson', 'Completed', 'No', '2025-07-24 17:06:00', '17:07:00', '17:32:00'),
(713, 3, 2, 49, 'Theresa Coleman', 'Completed', 'No', '2025-07-24 12:43:00', '12:44:00', '12:49:00'),
(714, 3, 2, 1, 'Maria Morris', 'Completed', 'No', '2025-07-25 13:55:00', '13:58:00', '14:03:00'),
(715, 3, 2, 2, 'Julie Long', 'Completed', 'Yes', '2025-07-25 10:33:00', '10:35:00', '10:40:00'),
(716, 5, 4, 3, 'Lauren Roberts', 'Completed', 'No', '2025-07-25 13:43:00', '13:45:00', '14:10:00'),
(717, 1, 1, 4, 'James Jacobs', 'Completed', 'No', '2025-07-25 12:16:00', '12:20:00', '12:25:00'),
(718, 4, 3, 5, 'Laurie Vaughn', 'Completed', 'Yes', '2025-07-25 17:45:00', '17:50:00', '18:04:00'),
(719, 2, 5, 6, 'Lindsey Guzman', 'Completed', 'No', '2025-07-25 11:43:00', '11:48:00', '11:51:00'),
(720, 4, 3, 7, 'Eric Fisher', 'Completed', 'No', '2025-07-25 16:19:00', '16:21:00', '16:36:00'),
(721, 5, 4, 8, 'Kenneth Garner', 'Completed', 'Yes', '2025-07-25 12:06:00', '12:10:00', '12:35:00'),
(722, 3, 2, 9, 'Paige Martinez', 'Completed', 'Yes', '2025-07-25 13:41:00', '13:42:00', '13:47:00'),
(723, 3, 2, 10, 'Michael Mcdonald', 'Completed', 'Yes', '2025-07-25 12:26:00', '12:29:00', '12:34:00'),
(724, 3, 2, 11, 'Johnny Thomas', 'Completed', 'No', '2025-07-25 15:54:00', '15:55:00', '16:00:00'),
(725, 1, 1, 12, 'Cheryl Stone', 'Completed', 'Yes', '2025-07-25 15:56:00', '15:58:00', '16:03:00'),
(726, 1, 1, 13, 'John Roberson', 'Completed', 'No', '2025-07-25 16:19:00', '16:23:00', '16:30:00'),
(727, 2, 5, 14, 'Terrence Baker', 'Completed', 'Yes', '2025-07-25 11:21:00', '11:25:00', '11:29:00'),
(728, 4, 3, 15, 'Julie Tucker', 'Completed', 'Yes', '2025-07-25 13:55:00', '13:57:00', '14:10:00'),
(729, 1, 1, 16, 'Justin Torres', 'Completed', 'No', '2025-07-25 13:40:00', '13:42:00', '13:47:00'),
(730, 1, 1, 17, 'Sharon Davis', 'Completed', 'Yes', '2025-07-25 15:17:00', '15:19:00', '15:24:00'),
(731, 2, 5, 18, 'Phillip Key', 'Completed', 'Yes', '2025-07-25 15:50:00', '15:51:00', '15:55:00'),
(732, 5, 4, 19, 'Allison Simon', 'Completed', 'No', '2025-07-25 14:25:00', '14:29:00', '14:53:00'),
(733, 4, 3, 20, 'Linda Hernandez', 'Completed', 'Yes', '2025-07-25 08:34:00', '08:36:00', '08:52:00'),
(734, 3, 2, 21, 'Katherine Jimenez', 'Completed', 'Yes', '2025-07-25 13:48:00', '13:53:00', '13:58:00'),
(735, 1, 1, 22, 'Jon Miller', 'Completed', 'Yes', '2025-07-25 11:14:00', '11:17:00', '11:23:00'),
(736, 2, 5, 23, 'Nathan Williams', 'Completed', 'Yes', '2025-07-25 14:32:00', '14:37:00', '14:41:00'),
(737, 2, 5, 24, 'Valerie Rivera', 'Completed', 'Yes', '2025-07-25 08:19:00', '08:22:00', '08:28:00'),
(738, 5, 4, 25, 'Joel Anderson', 'Completed', 'No', '2025-07-25 14:56:00', '14:58:00', '15:23:00'),
(739, 4, 3, 26, 'Andrew Ortiz', 'Completed', 'No', '2025-07-25 11:10:00', '11:14:00', '11:28:00'),
(740, 2, 5, 27, 'Jane Fields', 'Completed', 'Yes', '2025-07-25 10:13:00', '10:14:00', '10:18:00'),
(741, 5, 4, 28, 'Susan Smith', 'Completed', 'Yes', '2025-07-25 09:23:00', '09:24:00', '09:51:00'),
(742, 3, 2, 29, 'James Gutierrez', 'Completed', 'Yes', '2025-07-25 17:03:00', '17:04:00', '17:09:00'),
(743, 1, 1, 30, 'Michael Bennett DVM', 'Completed', 'Yes', '2025-07-25 09:26:00', '09:30:00', '09:36:00'),
(744, 1, 1, 31, 'Miss Angela Williams', 'Completed', 'No', '2025-07-25 15:44:00', '15:46:00', '15:51:00'),
(745, 1, 1, 32, 'Erin Flores', 'Completed', 'No', '2025-07-25 14:42:00', '14:43:00', '14:50:00'),
(746, 3, 2, 1, 'David Bowen', 'Completed', 'Yes', '2025-07-28 14:53:00', '14:54:00', '14:59:00'),
(747, 5, 4, 2, 'Katherine Andrews', 'Completed', 'Yes', '2025-07-28 12:07:00', '12:08:00', '12:33:00'),
(748, 2, 5, 3, 'Jason Shepard', 'Completed', 'Yes', '2025-07-28 12:53:00', '12:58:00', '13:03:00'),
(749, 3, 2, 4, 'Melinda Barton', 'Completed', 'No', '2025-07-28 12:10:00', '12:11:00', '12:16:00'),
(750, 4, 3, 5, 'Mark Peterson', 'Completed', 'Yes', '2025-07-28 15:21:00', '15:23:00', '15:36:00'),
(751, 1, 1, 6, 'Steven Collins', 'Completed', 'Yes', '2025-07-28 09:53:00', '09:58:00', '10:04:00'),
(752, 4, 3, 7, 'Shannon Ryan', 'Completed', 'Yes', '2025-07-28 09:49:00', '09:54:00', '10:11:00'),
(753, 1, 1, 8, 'Tammy Booth', 'Completed', 'No', '2025-07-28 11:29:00', '11:32:00', '11:37:00'),
(754, 4, 3, 9, 'Vanessa Larson', 'Completed', 'Yes', '2025-07-28 09:52:00', '09:54:00', '10:09:00'),
(755, 1, 1, 10, 'Aaron Hamilton', 'Completed', 'No', '2025-07-28 13:51:00', '13:54:00', '13:57:00'),
(756, 1, 1, 11, 'Victor Livingston', 'Completed', 'Yes', '2025-07-28 08:00:00', '08:02:00', '08:09:00'),
(757, 2, 5, 12, 'Alec Richardson', 'Completed', 'No', '2025-07-28 13:57:00', '14:01:00', '14:03:00'),
(758, 3, 2, 13, 'Tracy May', 'Completed', 'Yes', '2025-07-28 13:52:00', '13:55:00', '14:00:00'),
(759, 1, 1, 14, 'Anthony Vasquez', 'Completed', 'No', '2025-07-28 14:29:00', '14:32:00', '14:37:00'),
(760, 4, 3, 15, 'Stephanie Ford', 'Completed', 'No', '2025-07-28 14:41:00', '14:43:00', '14:58:00'),
(761, 2, 5, 16, 'Samantha Spencer', 'Completed', 'Yes', '2025-07-28 10:06:00', '10:10:00', '10:16:00'),
(762, 4, 3, 17, 'Michael Ryan', 'Completed', 'No', '2025-07-28 10:39:00', '10:43:00', '10:58:00'),
(763, 3, 2, 18, 'Amanda Clarke', 'Completed', 'Yes', '2025-07-28 10:30:00', '10:34:00', '10:39:00'),
(764, 4, 3, 19, 'Tommy Price', 'Completed', 'No', '2025-07-28 08:04:00', '08:07:00', '08:24:00'),
(765, 3, 2, 20, 'Kristina Blanchard', 'Completed', 'Yes', '2025-07-28 16:49:00', '16:54:00', '16:59:00'),
(766, 5, 4, 21, 'Molly Blake', 'Completed', 'Yes', '2025-07-28 13:33:00', '13:38:00', '14:05:00'),
(767, 5, 4, 22, 'Matthew Garrison', 'Completed', 'Yes', '2025-07-28 14:42:00', '14:44:00', '15:11:00'),
(768, 3, 2, 23, 'Steven Palmer', 'Completed', 'No', '2025-07-28 10:53:00', '10:58:00', '11:03:00'),
(769, 1, 1, 24, 'Nicholas Morris', 'Completed', 'Yes', '2025-07-28 10:32:00', '10:36:00', '10:42:00'),
(770, 4, 3, 25, 'Laura Casey', 'Completed', 'Yes', '2025-07-28 09:48:00', '09:52:00', '10:08:00'),
(771, 2, 5, 26, 'Lisa Johnson', 'Completed', 'No', '2025-07-28 12:03:00', '12:08:00', '12:14:00'),
(772, 5, 4, 27, 'Denise Castaneda', 'Completed', 'No', '2025-07-28 14:52:00', '14:54:00', '15:19:00'),
(773, 4, 3, 28, 'Richard Hill', 'Completed', 'No', '2025-07-28 17:28:00', '17:29:00', '17:42:00'),
(774, 4, 3, 29, 'Nicole Randolph', 'Completed', 'No', '2025-07-28 13:07:00', '13:11:00', '13:27:00'),
(775, 1, 1, 30, 'Angela Brown', 'Completed', 'Yes', '2025-07-28 14:26:00', '14:27:00', '14:34:00'),
(776, 5, 4, 31, 'Gregory Anderson', 'Completed', 'Yes', '2025-07-28 09:50:00', '09:55:00', '10:21:00'),
(777, 3, 2, 32, 'Jason Walton', 'Completed', 'Yes', '2025-07-28 15:21:00', '15:24:00', '15:29:00'),
(778, 1, 1, 33, 'Jennifer Santana', 'Completed', 'Yes', '2025-07-28 15:21:00', '15:26:00', '15:29:00'),
(779, 5, 4, 34, 'Devon Obrien', 'Completed', 'No', '2025-07-28 13:45:00', '13:49:00', '14:14:00'),
(780, 1, 1, 35, 'Nicholas Alvarez', 'Completed', 'Yes', '2025-07-28 08:21:00', '08:24:00', '08:29:00'),
(781, 3, 2, 36, 'Brandy Phelps', 'Completed', 'No', '2025-07-28 09:02:00', '09:04:00', '09:09:00'),
(782, 2, 5, 37, 'Michael Erickson', 'Completed', 'No', '2025-07-28 09:16:00', '09:21:00', '09:25:00'),
(783, 2, 5, 38, 'Vanessa Conner', 'Completed', 'Yes', '2025-07-28 14:13:00', '14:17:00', '14:21:00'),
(784, 2, 5, 39, 'Christopher Jones', 'Completed', 'No', '2025-07-28 09:48:00', '09:52:00', '09:56:00'),
(785, 5, 4, 40, 'Frank Cardenas', 'Completed', 'Yes', '2025-07-28 15:29:00', '15:34:00', '15:58:00'),
(786, 2, 5, 41, 'Jeffrey Allen', 'Completed', 'No', '2025-07-28 08:33:00', '08:34:00', '08:38:00'),
(787, 4, 3, 42, 'Alejandro Wilson', 'Completed', 'No', '2025-07-28 16:49:00', '16:51:00', '17:06:00'),
(788, 5, 4, 43, 'Julie Perez', 'Completed', 'Yes', '2025-07-28 10:06:00', '10:10:00', '10:36:00'),
(789, 5, 4, 44, 'Mr. Timothy Santiago MD', 'Completed', 'No', '2025-07-28 16:56:00', '17:00:00', '17:24:00'),
(790, 5, 4, 45, 'Terry Warren', 'Completed', 'Yes', '2025-07-28 12:25:00', '12:28:00', '12:52:00'),
(791, 4, 3, 46, 'Rachel Middleton', 'Completed', 'Yes', '2025-07-28 10:26:00', '10:31:00', '10:44:00'),
(792, 3, 2, 1, 'Jose Harrington', 'Completed', 'No', '2025-07-29 16:40:00', '16:42:00', '16:47:00'),
(793, 2, 5, 2, 'Scott Nelson', 'Completed', 'No', '2025-07-29 13:58:00', '14:00:00', '14:05:00'),
(794, 2, 5, 3, 'Helen Smith', 'Completed', 'No', '2025-07-29 09:48:00', '09:51:00', '09:55:00'),
(795, 4, 3, 4, 'Karen Chapman', 'Completed', 'No', '2025-07-29 16:18:00', '16:22:00', '16:37:00'),
(796, 1, 1, 5, 'Kim Swanson', 'Completed', 'Yes', '2025-07-29 08:24:00', '08:26:00', '08:33:00'),
(797, 1, 1, 6, 'Nicholas Ruiz', 'Completed', 'Yes', '2025-07-29 12:48:00', '12:50:00', '12:55:00'),
(798, 3, 2, 7, 'Joseph Cooper', 'Completed', 'Yes', '2025-07-29 08:44:00', '08:47:00', '08:52:00'),
(799, 5, 4, 8, 'Mark Garcia', 'Completed', 'Yes', '2025-07-29 13:52:00', '13:56:00', '14:21:00'),
(800, 5, 4, 9, 'Mrs. Diana Wade', 'Completed', 'Yes', '2025-07-29 16:24:00', '16:26:00', '16:49:00'),
(801, 3, 2, 10, 'Julie English', 'Completed', 'Yes', '2025-07-29 14:24:00', '14:28:00', '14:33:00'),
(802, 3, 2, 11, 'Henry Simpson', 'Completed', 'Yes', '2025-07-29 08:47:00', '08:50:00', '08:55:00'),
(803, 5, 4, 12, 'Brian Hawkins', 'Completed', 'No', '2025-07-29 11:58:00', '12:01:00', '12:26:00'),
(804, 5, 4, 13, 'Darrell Ryan', 'Completed', 'Yes', '2025-07-29 11:18:00', '11:22:00', '11:49:00'),
(805, 1, 1, 14, 'Robert Mckinney', 'Completed', 'Yes', '2025-07-29 10:47:00', '10:52:00', '10:57:00'),
(806, 4, 3, 15, 'Traci Terry', 'Completed', 'Yes', '2025-07-29 14:17:00', '14:22:00', '14:36:00'),
(807, 2, 5, 16, 'Breanna David', 'Completed', 'Yes', '2025-07-29 17:54:00', '17:57:00', '18:00:00'),
(808, 3, 2, 17, 'Zachary Martin', 'Completed', 'No', '2025-07-29 10:02:00', '10:04:00', '10:09:00'),
(809, 5, 4, 18, 'Jeffrey Whitehead', 'Completed', 'Yes', '2025-07-29 17:53:00', '17:56:00', '18:19:00'),
(810, 5, 4, 19, 'Jennifer Stein', 'Completed', 'No', '2025-07-29 09:50:00', '09:53:00', '10:18:00'),
(811, 2, 5, 20, 'Sara Thompson', 'Completed', 'Yes', '2025-07-29 16:04:00', '16:09:00', '16:13:00'),
(812, 4, 3, 21, 'Tracy Fritz', 'Completed', 'No', '2025-07-29 09:22:00', '09:24:00', '09:40:00'),
(813, 3, 2, 22, 'Patrick Bruce', 'Completed', 'No', '2025-07-29 13:18:00', '13:20:00', '13:25:00'),
(814, 5, 4, 23, 'Amy Townsend', 'Completed', 'No', '2025-07-29 16:52:00', '16:53:00', '17:18:00'),
(815, 3, 2, 24, 'Andrew Johnson', 'Completed', 'No', '2025-07-29 11:57:00', '12:02:00', '12:07:00'),
(816, 2, 5, 25, 'Jesse Bird', 'Completed', 'Yes', '2025-07-29 13:24:00', '13:25:00', '13:29:00'),
(817, 3, 2, 26, 'Christopher Harmon', 'Completed', 'No', '2025-07-29 08:58:00', '09:03:00', '09:08:00'),
(818, 3, 2, 27, 'Robin Key', 'Completed', 'No', '2025-07-29 15:02:00', '15:05:00', '15:10:00'),
(819, 2, 5, 28, 'Jeffrey Baker', 'Completed', 'No', '2025-07-29 16:05:00', '16:06:00', '16:10:00'),
(820, 5, 4, 29, 'Patrick Clay', 'Completed', 'Yes', '2025-07-29 09:13:00', '09:15:00', '09:40:00'),
(821, 4, 3, 30, 'Lindsay Flores', 'Completed', 'Yes', '2025-07-29 11:34:00', '11:38:00', '11:55:00'),
(822, 1, 1, 31, 'Karen Jones', 'Completed', 'Yes', '2025-07-29 08:29:00', '08:32:00', '08:38:00'),
(823, 1, 1, 32, 'Carl Lewis', 'Completed', 'Yes', '2025-07-29 08:11:00', '08:14:00', '08:18:00'),
(824, 1, 1, 33, 'Johnny Little', 'Completed', 'Yes', '2025-07-29 12:26:00', '12:30:00', '12:37:00'),
(825, 4, 3, 34, 'Katherine Hughes', 'Completed', 'No', '2025-07-29 13:01:00', '13:05:00', '13:19:00'),
(826, 1, 1, 35, 'Laura Larson', 'Completed', 'Yes', '2025-07-29 17:04:00', '17:09:00', '17:14:00'),
(827, 1, 1, 36, 'Elizabeth Mckay', 'Completed', 'No', '2025-07-29 16:06:00', '16:09:00', '16:14:00'),
(828, 3, 2, 37, 'Toni Owens', 'Completed', 'Yes', '2025-07-29 12:48:00', '12:52:00', '12:57:00'),
(829, 4, 3, 38, 'Amanda Taylor', 'Completed', 'Yes', '2025-07-29 15:10:00', '15:15:00', '15:30:00'),
(830, 2, 5, 39, 'Lisa Ayala', 'Completed', 'No', '2025-07-29 16:18:00', '16:20:00', '16:24:00'),
(831, 3, 2, 40, 'Roberto Martinez', 'Completed', 'Yes', '2025-07-29 16:55:00', '17:00:00', '17:05:00'),
(832, 1, 1, 41, 'Victor Henry', 'Completed', 'Yes', '2025-07-29 08:36:00', '08:41:00', '08:46:00'),
(833, 5, 4, 42, 'Alex Maldonado', 'Completed', 'Yes', '2025-07-29 12:13:00', '12:16:00', '12:40:00'),
(834, 4, 3, 43, 'Julie Sanchez', 'Completed', 'Yes', '2025-07-29 10:11:00', '10:13:00', '10:28:00'),
(835, 3, 2, 44, 'Brandi Wiley', 'Completed', 'Yes', '2025-07-29 09:11:00', '09:16:00', '09:21:00'),
(836, 1, 1, 45, 'Tammy Perez', 'Completed', 'No', '2025-07-29 16:04:00', '16:07:00', '16:13:00'),
(837, 1, 1, 46, 'Bryan Allison', 'Completed', 'No', '2025-07-29 09:12:00', '09:17:00', '09:22:00'),
(838, 3, 2, 1, 'Ashley Payne', 'Completed', 'Yes', '2025-07-30 11:06:00', '11:09:00', '11:14:00'),
(839, 1, 1, 2, 'Daniel Harris', 'Completed', 'Yes', '2025-07-30 13:31:00', '13:35:00', '13:39:00'),
(840, 5, 4, 3, 'Tricia Rodriguez', 'Completed', 'No', '2025-07-30 17:09:00', '17:14:00', '17:37:00'),
(841, 3, 2, 4, 'Jaclyn Meyers', 'Completed', 'No', '2025-07-30 14:10:00', '14:11:00', '14:16:00'),
(842, 2, 5, 5, 'James Perez', 'Completed', 'Yes', '2025-07-30 14:17:00', '14:20:00', '14:26:00'),
(843, 3, 2, 6, 'Casey Perkins', 'Completed', 'No', '2025-07-30 15:28:00', '15:31:00', '15:36:00'),
(844, 3, 2, 7, 'Mrs. Mary Hernandez', 'Completed', 'No', '2025-07-30 16:06:00', '16:08:00', '16:13:00'),
(845, 5, 4, 8, 'Tiffany Roberts', 'Completed', 'Yes', '2025-07-30 12:54:00', '12:56:00', '13:22:00'),
(846, 2, 5, 9, 'David King', 'Completed', 'No', '2025-07-30 09:46:00', '09:47:00', '09:51:00'),
(847, 5, 4, 10, 'Laura Chung', 'Completed', 'Yes', '2025-07-30 17:37:00', '17:41:00', '18:04:00'),
(848, 5, 4, 11, 'Stephanie Pennington', 'Completed', 'Yes', '2025-07-30 08:35:00', '08:38:00', '09:01:00'),
(849, 5, 4, 12, 'Peter Garrison', 'Completed', 'No', '2025-07-30 10:23:00', '10:27:00', '10:53:00'),
(850, 5, 4, 13, 'Julian Jones', 'Completed', 'No', '2025-07-30 10:29:00', '10:34:00', '10:59:00'),
(851, 1, 1, 14, 'Jessica Jones', 'Completed', 'No', '2025-07-30 13:32:00', '13:33:00', '13:38:00'),
(852, 2, 5, 15, 'Brian Woods', 'Completed', 'Yes', '2025-07-30 16:08:00', '16:12:00', '16:16:00'),
(853, 2, 5, 16, 'Emily Martinez', 'Completed', 'Yes', '2025-07-30 15:22:00', '15:23:00', '15:27:00'),
(854, 4, 3, 17, 'Robin Thompson', 'Completed', 'Yes', '2025-07-30 09:16:00', '09:19:00', '09:33:00'),
(855, 1, 1, 18, 'Brittany Sullivan', 'Completed', 'Yes', '2025-07-30 16:58:00', '17:01:00', '17:06:00'),
(856, 4, 3, 19, 'Alan Jacobson', 'Completed', 'No', '2025-07-30 08:02:00', '08:05:00', '08:20:00'),
(857, 5, 4, 20, 'Martha Taylor', 'Completed', 'No', '2025-07-30 12:37:00', '12:42:00', '13:07:00'),
(858, 2, 5, 21, 'Lori Gordon', 'Completed', 'No', '2025-07-30 14:23:00', '14:28:00', '14:33:00'),
(859, 1, 1, 22, 'Michael Rogers', 'Completed', 'No', '2025-07-30 14:58:00', '15:00:00', '15:03:00'),
(860, 4, 3, 23, 'Kathleen Mayo', 'Completed', 'No', '2025-07-30 13:31:00', '13:35:00', '13:52:00'),
(861, 1, 1, 24, 'Felicia Alvarez', 'Completed', 'Yes', '2025-07-30 15:10:00', '15:12:00', '15:17:00'),
(862, 5, 4, 25, 'Steven Wright', 'Completed', 'No', '2025-07-30 11:09:00', '11:11:00', '11:35:00'),
(863, 3, 2, 26, 'Jessica Duran', 'Completed', 'Yes', '2025-07-30 11:26:00', '11:29:00', '11:34:00'),
(864, 1, 1, 27, 'Susan Payne', 'Completed', 'No', '2025-07-30 15:30:00', '15:32:00', '15:37:00'),
(865, 2, 5, 28, 'Ann Ibarra', 'Completed', 'No', '2025-07-30 08:15:00', '08:16:00', '08:22:00'),
(866, 5, 4, 29, 'Katrina Sandoval', 'Completed', 'Yes', '2025-07-30 10:40:00', '10:45:00', '11:12:00'),
(867, 5, 4, 30, 'Alex Garrison', 'Completed', 'Yes', '2025-07-30 08:10:00', '08:13:00', '08:38:00'),
(868, 5, 4, 31, 'Scott Morse', 'Completed', 'No', '2025-07-30 17:36:00', '17:37:00', '18:02:00'),
(869, 3, 2, 32, 'Kathryn Palmer', 'Completed', 'Yes', '2025-07-30 11:28:00', '11:33:00', '11:38:00'),
(870, 4, 3, 33, 'Jeffrey Arnold', 'Completed', 'Yes', '2025-07-30 11:53:00', '11:57:00', '12:12:00'),
(871, 2, 5, 34, 'Susan Flores', 'Completed', 'Yes', '2025-07-30 17:42:00', '17:47:00', '17:49:00'),
(872, 2, 5, 35, 'Adam Cox', 'Completed', 'No', '2025-07-30 15:38:00', '15:43:00', '15:49:00'),
(873, 2, 5, 36, 'Joseph Baker', 'Completed', 'No', '2025-07-30 14:08:00', '14:09:00', '14:12:00'),
(874, 2, 5, 37, 'Barbara Walters', 'Completed', 'No', '2025-07-30 10:38:00', '10:39:00', '10:42:00'),
(875, 4, 3, 38, 'David Rogers', 'Completed', 'Yes', '2025-07-30 16:32:00', '16:33:00', '16:49:00'),
(876, 4, 3, 39, 'Glenn Valenzuela', 'Completed', 'Yes', '2025-07-30 17:34:00', '17:35:00', '17:50:00'),
(877, 4, 3, 40, 'Matthew Herman', 'Completed', 'No', '2025-07-30 13:55:00', '13:56:00', '14:10:00'),
(878, 4, 3, 1, 'Robert Fischer', 'Completed', 'Yes', '2025-07-31 15:50:00', '15:53:00', '16:10:00'),
(879, 5, 4, 2, 'Carolyn Gonzales', 'Queued', 'Yes', '2025-07-31 14:08:00', '00:00:00', '00:00:00'),
(880, 2, 5, 3, 'Ashley Baker', 'Active', 'Yes', '2025-07-31 12:38:00', '12:42:00', '12:47:00'),
(881, 2, 5, 4, 'Juan Valdez', 'Completed', 'Yes', '2025-07-31 08:36:00', '08:41:00', '08:47:00'),
(882, 5, 4, 5, 'Amber Collins', 'Queued', 'Yes', '2025-07-31 14:41:00', '00:00:00', '00:00:00'),
(883, 3, 2, 6, 'Francisco Ferguson', 'Queued', 'No', '2025-07-31 13:06:00', '00:00:00', '00:00:00'),
(884, 5, 4, 7, 'Randy Gray', 'Reassigned', 'No', '2025-07-31 12:54:00', '00:00:00', '00:00:00'),
(885, 5, 4, 8, 'Mark Arnold', 'Completed', 'No', '2025-07-31 17:17:00', '17:21:00', '17:44:00'),
(886, 2, 5, 9, 'Jeffrey Powell', 'Skipped', 'No', '2025-07-31 16:50:00', '00:00:00', '00:00:00'),
(887, 2, 5, 10, 'Joseph Fisher MD', 'Reassigned', 'No', '2025-07-31 16:35:00', '00:00:00', '00:00:00'),
(888, 3, 2, 11, 'Michael Scott', 'Queued', 'No', '2025-07-31 14:47:00', '00:00:00', '00:00:00'),
(889, 1, 1, 12, 'Johnny Johnson', 'Skipped', 'Yes', '2025-07-31 15:50:00', '00:00:00', '00:00:00'),
(890, 2, 5, 13, 'Tyler Murphy', 'Reassigned', 'Yes', '2025-07-31 11:32:00', '00:00:00', '00:00:00'),
(891, 3, 2, 14, 'Sharon Hampton', 'Completed', 'Yes', '2025-07-31 10:24:00', '10:25:00', '10:30:00'),
(892, 1, 1, 15, 'Michael Mendoza', 'Skipped', 'Yes', '2025-07-31 15:59:00', '00:00:00', '00:00:00'),
(893, 1, 1, 16, 'Angela Lindsey', 'Reassigned', 'Yes', '2025-07-31 12:14:00', '00:00:00', '00:00:00'),
(894, 5, 4, 17, 'Patty Gordon', 'Completed', 'Yes', '2025-07-31 14:59:00', '15:04:00', '15:30:00'),
(895, 5, 4, 18, 'Suzanne Jones', 'Active', 'No', '2025-07-31 17:03:00', '17:05:00', '17:28:00'),
(896, 4, 3, 19, 'Barbara Parker', 'Completed', 'No', '2025-07-31 08:12:00', '08:17:00', '08:31:00'),
(897, 2, 5, 20, 'Dana Richardson', 'Reassigned', 'Yes', '2025-07-31 17:32:00', '00:00:00', '00:00:00'),
(898, 2, 5, 21, 'John Walters', 'Completed', 'Yes', '2025-07-31 08:23:00', '08:25:00', '08:29:00'),
(899, 1, 1, 22, 'Jessica King', 'Completed', 'Yes', '2025-07-31 09:17:00', '09:21:00', '09:25:00'),
(900, 4, 3, 23, 'Bryan Hale', 'Reassigned', 'No', '2025-07-31 17:12:00', '00:00:00', '00:00:00'),
(901, 1, 1, 24, 'Jack Wood DDS', 'Skipped', 'Yes', '2025-07-31 16:18:00', '00:00:00', '00:00:00'),
(902, 5, 4, 25, 'Katherine White', 'Queued', 'No', '2025-07-31 13:52:00', '00:00:00', '00:00:00'),
(903, 5, 4, 26, 'Steve Lester', 'Reassigned', 'Yes', '2025-07-31 15:59:00', '00:00:00', '00:00:00'),
(904, 1, 1, 27, 'Mr. Christopher Everett MD', 'Reassigned', 'No', '2025-07-31 10:26:00', '00:00:00', '00:00:00'),
(905, 5, 4, 28, 'Paul Jones', 'Reassigned', 'Yes', '2025-07-31 16:18:00', '00:00:00', '00:00:00'),
(906, 1, 1, 29, 'Timothy Ingram', 'Completed', 'No', '2025-07-31 16:52:00', '16:55:00', '17:02:00'),
(907, 4, 3, 30, 'Jordan Mccarthy', 'Active', 'No', '2025-07-31 17:30:00', '17:33:00', '17:50:00'),
(908, 4, 3, 31, 'Allen Page', 'Queued', 'No', '2025-07-31 17:55:00', '00:00:00', '00:00:00'),
(909, 1, 1, 32, 'Sheena Brewer', 'Completed', 'No', '2025-07-31 09:24:00', '09:26:00', '09:33:00'),
(910, 2, 5, 33, 'Aaron Stanley', 'Reassigned', 'No', '2025-07-31 14:22:00', '00:00:00', '00:00:00'),
(911, 1, 1, 34, 'Vicki Taylor', 'Queued', 'No', '2025-07-31 11:18:00', '00:00:00', '00:00:00'),
(912, 3, 2, 35, 'Steven Golden', 'Queued', 'Yes', '2025-07-31 16:59:00', '00:00:00', '00:00:00'),
(913, 3, 2, 36, 'Brandi Harrison', 'Skipped', 'No', '2025-07-31 11:57:00', '00:00:00', '00:00:00'),
(914, 2, 5, 37, 'Daniel Snyder', 'Queued', 'Yes', '2025-07-31 15:47:00', '00:00:00', '00:00:00'),
(915, 2, 5, 38, 'Scott Hamilton', 'Queued', 'No', '2025-07-31 11:14:00', '00:00:00', '00:00:00'),
(916, 2, 5, 39, 'Christopher Garrison', 'Queued', 'No', '2025-07-31 10:49:00', '00:00:00', '00:00:00'),
(917, 1, 1, 40, 'Bobby Gardner', 'Active', 'No', '2025-07-31 17:00:00', '17:05:00', '17:10:00'),
(918, 4, 3, 41, 'Michelle Bradley', 'Reassigned', 'No', '2025-07-31 17:20:00', '00:00:00', '00:00:00'),
(919, 5, 4, 42, 'Vanessa Barnett', 'Completed', 'No', '2025-07-31 15:11:00', '15:16:00', '15:39:00'),
(920, 4, 3, 43, 'Ashley Hart', 'Queued', 'Yes', '2025-07-31 17:08:00', '00:00:00', '00:00:00'),
(921, 4, 3, 44, 'Jessica Harris', 'Reassigned', 'No', '2025-07-31 16:02:00', '00:00:00', '00:00:00'),
(922, 4, 3, 45, 'Elizabeth Long', 'Skipped', 'Yes', '2025-07-31 15:07:00', '00:00:00', '00:00:00'),
(923, 4, 3, 46, 'Kimberly Smith', 'Completed', 'No', '2025-07-31 08:00:00', '08:02:00', '08:17:00');

-- --------------------------------------------------------

--
-- Table structure for table `services`
--

CREATE TABLE `services` (
  `id` int(11) NOT NULL,
  `name` varchar(255) NOT NULL,
  `priority` enum('Low','Medium','High','Critical') NOT NULL,
  `average_time` time NOT NULL
) ENGINE=InnoDB DEFAULT CHARSET=utf8mb4 COLLATE=utf8mb4_general_ci;

--
-- Dumping data for table `services`
--

INSERT INTO `services` (`id`, `name`, `priority`, `average_time`) VALUES
(1, 'Deposit', 'Medium', '00:05:00'),
(2, 'Withdrawal', 'Medium', '00:05:00'),
(3, 'Loan Inquiry', 'High', '00:15:00'),
(4, 'Account Opening', 'Critical', '00:25:00'),
(5, 'Bills Payment', 'Low', '00:04:00');

-- --------------------------------------------------------

--
-- Table structure for table `tellers`
--

CREATE TABLE `tellers` (
  `id` int(11) NOT NULL,
  `service_id` int(11) NOT NULL,
  `first_name` varchar(255) NOT NULL,
  `last_name` varchar(255) NOT NULL
) ENGINE=InnoDB DEFAULT CHARSET=utf8mb4 COLLATE=utf8mb4_general_ci;

--
-- Dumping data for table `tellers`
--

INSERT INTO `tellers` (`id`, `service_id`, `first_name`, `last_name`) VALUES
(1, 1, 'Rysa', 'Abadier'),
(2, 5, 'Evana Isabella', 'Bronilla'),
(3, 2, 'Mariah Judea', 'Julian'),
(4, 3, 'Isabella Mikaella', 'Llave'),
(5, 4, 'Noah', 'Pearanda');

--
-- Indexes for dumped tables
--

--
-- Indexes for table `customers`
--
ALTER TABLE `customers`
  ADD PRIMARY KEY (`id`);

--
-- Indexes for table `services`
--
ALTER TABLE `services`
  ADD PRIMARY KEY (`id`);

--
-- Indexes for table `tellers`
--
ALTER TABLE `tellers`
  ADD PRIMARY KEY (`id`);

--
-- AUTO_INCREMENT for dumped tables
--

--
-- AUTO_INCREMENT for table `customers`
--
ALTER TABLE `customers`
  MODIFY `id` int(11) NOT NULL AUTO_INCREMENT, AUTO_INCREMENT=924;

--
-- AUTO_INCREMENT for table `services`
--
ALTER TABLE `services`
  MODIFY `id` int(11) NOT NULL AUTO_INCREMENT, AUTO_INCREMENT=6;

--
-- AUTO_INCREMENT for table `tellers`
--
ALTER TABLE `tellers`
  MODIFY `id` int(11) NOT NULL AUTO_INCREMENT, AUTO_INCREMENT=6;
COMMIT;

/*!40101 SET CHARACTER_SET_CLIENT=@OLD_CHARACTER_SET_CLIENT */;
/*!40101 SET CHARACTER_SET_RESULTS=@OLD_CHARACTER_SET_RESULTS */;
/*!40101 SET COLLATION_CONNECTION=@OLD_COLLATION_CONNECTION */;
